Title,Max_price,Min_price,Min_price_plus,Publisher,Age_limit
Warface: Breakout,"R$ 104,90","R$ 20,98","R$ 20,98",MY.COM,14+
Die Young,"R$ 97,50","R$ 73,12","R$ 68,24",Indiegala s.r.l.,18+
The Walking Dead Onslaught,"R$ 149,50","R$ 89,70","R$ 89,70","SURVIOS, INC",16+
Project CARS 3,"R$ 249,90","R$ 99,96","R$ 99,96",BANDAI NAMCO Entertainment America Inc.,6+
Commandos 2 and Praetorians: HD Remaster Double Pack,"R$ 214,90","R$ 107,45","R$ 107,45",Kalypso Media,14+
Assetto Corsa Competizione,"R$ 199,50","R$ 99,75","R$ 99,75",505 Games,6+
RESIDENT EVIL 3,"R$ 249,90","R$ 82,46","R$ 82,46","Capcom U.S.A., Inc.",16+
Totally Reliable Delivery Service,"R$ 62,50","R$ 28,12","R$ 28,12",TINYBUILD LLC,6+
Totally Reliable Delivery Service Deluxe Edition,"R$ 99,50","R$ 44,77","R$ 39,79",TINYBUILD LLC,6+
The Pillar: Puzzle Escape,"R$ 53,90","R$ 37,73","R$ 37,73",EastAsiaSoft,6+
Moons of Madness,"R$ 159,90","R$ 74,94","R$ 74,94",FUNCOM GMBH,14+
Persona®5 Royal Deluxe Edition,"R$ 291,50","R$ 131,17","R$ 131,17","SEGA of America, Inc.",18+
eFootball PES 2021 SEASON UPDATE STANDARD EDITION,"R$ 179,90","R$ 59,36","R$ 59,36","Konami Digital Entertainment, Inc.",6+
Through the Darkest of Times,"R$ 62,50","R$ 37,50","R$ 31,25",HANDY GAMES GMBH,14+
Demon’s Tier+,"R$ 53,90","R$ 33,20","R$ 33,20",-,6+
ONE PIECE: PIRATE WARRIORS 4 Edição Deluxe,"R$ 373,90","R$ 186,95","R$ 186,95",BANDAI NAMCO Entertainment America Inc.,12+
Predator: Hunting Grounds Digital Deluxe Edition,"R$ 249,90","R$ 149,70","R$ 149,70",Sony Interactive Entertainment,18+
FAIRY TAIL Digital Deluxe,"R$ 299,90","R$ 209,93","R$ 209,93",KOEI TECMO America,12+
JankBrain,"R$ 26,90","R$ 20,17","R$ 16,13",-,6+
Ghost of Tsushima Digital Deluxe Edition,"R$ 349,90","R$ 248,42","R$ 248,42",Sony Interactive Entertainment,18+
Ary and the Secret of Seasons,"R$ 199,50","R$ 99,75","R$ 99,75",Modus Games LLC,6+
Biped,"R$ 94,90","R$ 48,68","R$ 48,68",Postmeta Games Limited,6+
Don’t Starve Mega Pack 2020,"R$ 172,90","R$ 86,45","R$ 86,45",Klei Entertainment Inc.,6+
OhShape,"R$ 104,90","R$ 83,92","R$ 52,45",ODDERS LAB,14+
World War Z - GOTY Edition,"R$ 207,90","R$ 83,16","R$ 70,68",MAD DOG GAMES LLC,18+
DOOM Eternal Edição Padrão,"R$ 248,99","R$ 82,16","R$ 82,16",Bethesda Softworks,18+
Book of Demons,"R$ 133,90","R$ 51,95","R$ 46,86",505 Games,10+
Disintegration,"R$ 207,90","R$ 79,95","R$ 79,95",Take-Two,14+
Arizona Sunshine® - Deluxe Edition,"R$ 239,90","R$ 47,98","R$ 47,98",VERTIGO GAMES,16+
Konrad’s Kittens - Pacote de temas para gatos,"R$ 79,90","R$ 37,50","R$ 37,50",FusionPlay,12+
G.I. Joe: Operation Blackout,"R$ 199,50","R$ 69,82","R$ 69,82",GAMEMILL ENTERTAINMENT,14+
Eastasiasoft Indie Shmup Bundle,"R$ 48,50","R$ 24,25","R$ 24,25",EastAsiaSoft,14+
Bloodstained: Curse of the Moon 2,"R$ 79,90","R$ 47,94","R$ 47,94",-,10+
SWORD ART ONLINE Alicization Lycoris,"R$ 249,90","R$ 124,95","R$ 124,95",BANDAI NAMCO Entertainment America Inc.,12+
Predator: Hunting Grounds,"R$ 199,50","R$ 74,75","R$ 74,74",Sony Interactive Entertainment,18+
LA-MULANA,"R$ 62,50","R$ 37,50","R$ 37,50","NIS America, Inc.",10+
LA-MULANA 2,"R$ 103,90","R$ 62,34","R$ 62,34","NIS America, Inc.",10+
Fallout 76: Aurora de Aço – Edição Deluxe,"R$ 299,90","R$ 119,96","R$ 119,96",Bethesda Softworks,16+
MY HERO ONE’S JUSTICE 2,"R$ 249,90","R$ 99,96","R$ 99,96",BANDAI NAMCO Entertainment America Inc.,12+
MY HERO ONE’S JUSTICE 2 Edição Deluxe,"R$ 332,90","R$ 133,16","R$ 133,16",BANDAI NAMCO Entertainment America Inc.,12+
The Crew® 2 Deluxe Edition,"R$ 274,50","R$ 57,47","R$ 57,47",Ubisoft Entertainment,12+
Monster Viator,"R$ 62,50","R$ 37,50","R$ 37,50",KEMCO,10+
The Division 2 - Warlords of New York - Ultimate Edition,"R$ 279,90","R$ 83,97","R$ 83,96",Ubisoft Entertainment,16+
ONE PUNCH MAN: A HERO NOBODY KNOWS,"R$ 299,90","R$ 74,97","R$ 74,97",BANDAI NAMCO Entertainment America Inc.,12+
Street Fighter V: Champion Edition,"R$ 124,90","R$ 81,18","R$ 81,18","Capcom U.S.A., Inc.",12+
Townsmen - A Kingdom Rebuilt,"R$ 159,90","R$ 95,94","R$ 79,95",HANDY GAMES GMBH,6+
Darksiders Genesis,"R$ 164,90","R$ 65,96","R$ 57,71",THQ Nordic,14+
Dreams,"R$ 164,90","R$ 64,67","R$ 49,74",Sony Interactive Entertainment,16+
Monster Energy Supercross - The Official Videogame 3,"R$ 274,50","R$ 82,35","R$ 68,62",Milestone,6+
Monster Energy Supercross 3 - Special Edition,"R$ 366,90","R$ 110,07","R$ 91,72",Milestone,6+
Arc of Alchemist,"R$ 164,90","R$ 29,68","R$ 29,68",Idea Factory International,10+
DRAGON BALL Z: KAKAROT,"R$ 249,90","R$ 99,96","R$ 99,96",BANDAI NAMCO Entertainment America Inc.,12+
DRAGON BALL Z: KAKAROT - Edição Definitiva,"R$ 389,90","R$ 194,95","R$ 194,95",BANDAI NAMCO Entertainment America Inc.,12+
The Surge 2 - Premium Edition,"R$ 312,50","R$ 62,47","R$ 62,47",Focus Home Interactive,18+
Without Escape,"R$ 26,90","R$ 9,95","R$ 9,95",EastAsiaSoft,14+
Tokyo Dark – Remembrance –,"R$ 104,90","R$ 41,75","R$ 41,75",Unties,14+
Pacote Triplo Crash™ + Spyro™,"R$ 491,90","R$ 245,34","R$ 245,34",Activision,6+
Let’s Sing Country - Platinum Edition,"R$ 389,50","R$ 207,29","R$ 207,29",Deep Silver,14+
Gunlord X,"R$ 53,90","R$ 21,56","R$ 21,56",EastAsiaSoft,6+
Ancestors: The Humankind Odyssey,"R$ 214,90","R$ 82,45","R$ 82,45",Take-Two,12+
Ski Jumping Pro VR,"R$ 83,50","R$ 33,40","R$ 33,40",Kalypso Media,6+
STAR WARS™ Battlefront™ II: Celebration Edition,"R$ 158,99","R$ 47,69","R$ 47,69",Electronic Arts Inc ,12+
Pacote de Jogos - Crash™ Team Racing Nitro-Fueled + Spyro™,"R$ 359,50","R$ 143,80","R$ 143,80",Activision,6+
DEEMO -Reborn-,"R$ 214,90","R$ 128,94","R$ 128,94",Unties,6+
Espire 1: VR Operative,"R$ 159,90","R$ 49,96","R$ 49,96",Tripwire Interactive,16+
Shenmue III - Digital Deluxe Edition,"R$ 299,99","R$ 59,99","R$ 59,99",Deep Silver,12+
STAR WARS Jedi: Fallen Order™ Edição Deluxe,"R$ 278,99","R$ 100,43","R$ 100,43",Electronic Arts Inc ,14+
Atelier Ryza: Digital Deluxe Edition,"R$ 298,90","R$ 149,45","R$ 149,45",KOEI TECMO America,12+
Atelier Ryza: Ever Darkness and the Secret Hideout,"R$ 249,90","R$ 124,95","R$ 124,95",KOEI TECMO America,12+
VR Ping Pong Pro,"R$ 124,50","R$ 36,36","R$ 36,36",MERGE GAMES,12+
Need for Speed™ Heat,"R$ 238,99","R$ 71,69","R$ 71,69",Electronic Arts Inc ,12+
MechaNika,"R$ 31,90","R$ 19,14","R$ 15,95",-,16+
The Outer Worlds,"R$ 299,90","R$ 119,96","R$ 119,96",Take-Two,16+
Call of Duty®: Modern Warfare®,"R$ 274,50","R$ 149,43","R$ 149,43",Activision,18+
Farming Simulator 19 - Platinum Edition,"R$ 214,90","R$ 124,74","R$ 103,94",Focus Home Interactive,6+
Street Outlaws: The List,"R$ 199,50","R$ 49,87","R$ 49,87",GAMEMILL ENTERTAINMENT,10+
Plants vs. Zombies™: Batalha por Neighborville Edição Deluxe,"R$ 249,50","R$ 49,74","R$ 49,74",Electronic Arts Inc ,10+
Worms Battlegrounds + Worms W.M.D,"R$ 144,90","R$ 36,22","R$ 36,22",Team17 Digital Ltd.,10+
Zombieland: Double Tap- Road Trip,"R$ 199,50","R$ 49,87","R$ 49,87",GAMEMILL ENTERTAINMENT,18+
Contraptions,"R$ 53,90","R$ 16,17","R$ 13,47",FUNBOX MEDIA LIMITED,14+
Concrete Genie,"R$ 119,90","R$ 47,96",Free,Sony Interactive Entertainment,6+
GRID Ultimate Edition,"R$ 249,90","R$ 56,12","R$ 56,12",Codemasters Inc.,6+
Trine 4: The Nightmare Prince,"R$ 124,90","R$ 31,22","R$ 31,22",Frozenbyte,0+
Tom Clancy’s Ghost Recon Breakpoint,"R$ 229,99","R$ 34,49","R$ 34,49",Ubisoft Entertainment,16+
Tom Clancy’s Ghost Recon Breakpoint Ultimate Edition,"R$ 459,99","R$ 114,99","R$ 114,99",Ubisoft Entertainment,16+
CODE VEIN,"R$ 299,90","R$ 74,97","R$ 74,97",BANDAI NAMCO Entertainment America Inc.,12+
Tropico 6 El Prez Edition,"R$ 269,90","R$ 121,45","R$ 116,05",Kalypso Media,10+
L.A. Noire: The VR Case Files,"R$ 159,90","R$ 62,45","R$ 62,45",Rockstar Games,16+
Mutazione,"R$ 104,90","R$ 62,62","R$ 58,44",AKUPARA GAMES,10+
Bus Simulator,"R$ 164,90","R$ 82,45","R$ 74,20",ASTRAGON ENTERTAINMENT GMBH,6+
Agatha Knife,"R$ 64,50","R$ 38,70","R$ 32,25",-,12+
Battlewake,"R$ 159,90","R$ 39,97","R$ 39,97","SURVIOS, INC",12+
The Walking Dead: The Telltale Definitive Series,"R$ 249,50","R$ 103,95","R$ 103,95",-,18+
Catherine: Full Body,"R$ 249,90","R$ 99,75","R$ 99,75","SEGA of America, Inc.",18+
Catherine: Full Body Digital Deluxe Edition,"R$ 332,90","R$ 103,95","R$ 103,95","SEGA of America, Inc.",18+
Torchlight II,"R$ 104,90","R$ 50,10","R$ 50,10",PERFECT WORLD ENTERTAINMENT INC.,14+
DiRT Rally 2.0 - Game of the Year Edition,"R$ 249,90","R$ 49,98","R$ 37,48",Codemasters Inc.,6+
The Bard’s Tale IV: Director’s Cut,"R$ 164,90","R$ 41,22","R$ 32,97",Deep Silver,16+
F1® 2019,"R$ 299,90","R$ 62,37","R$ 49,97",Codemasters Inc.,6+
Train Sim World® 2020,"R$ 159,90","R$ 62,45","R$ 62,45",RAIL SIMULATOR.COM LTD,6+
Mutant Year Zero: Road to Eden - Deluxe Edition ,"R$ 186,90","R$ 74,76","R$ 74,76",FUNCOM GMBH,16+
Attack on Titan 2: Final Battle,"R$ 249,90","R$ 174,93","R$ 174,93",KOEI TECMO America,16+
Rainbow Skies + Rainbow Moon Mega RPG Bundle,"R$ 214,90","R$ 49,47","R$ 49,47",EastAsiaSoft,12+
Bear With Me: The Complete Collection,"R$ 79,90","R$ 22,95","R$ 22,95",Modus Games LLC,10+
Bear With Me: The Lost Robots,"R$ 26,90","R$ 7,96","R$ 7,96",Modus Games LLC,10+
Etherborn,"R$ 89,90","R$ 53,94","R$ 44,95","ALTERED MATTER GAMES, SL",6+
F1® 2019 Legends Edition Senna and Prost,"R$ 299,90","R$ 69,99","R$ 55,99",Codemasters Inc.,6+
Monster Jam Steel Titans,"R$ 199,50","R$ 74,95","R$ 74,95",THQ Nordic,6+
Crash™ Team Racing Nitro-Fueled,"R$ 179,90","R$ 62,96","R$ 62,96",Activision,6+
Bloodstained: Ritual of the Night,"R$ 199,50","R$ 79,80","R$ 79,80",505 Games,12+
Dragon Star Varnir,"R$ 207,90","R$ 51,97","R$ 51,97",Idea Factory International,12+
Horizon Shift ’81,"R$ 48,50","R$ 14,55","R$ 12,12",FUNBOX MEDIA LIMITED,10+
Riverbond,"R$ 103,90","R$ 20,78","R$ 20,78",-,6+
Stunt Kite Party,"R$ 53,90","R$ 16,17","R$ 10,78",HANDY GAMES GMBH,6+
DayZ,"R$ 264,90","R$ 124,74","R$ 124,74",-,16+
Lapis x Labyrinth ,"R$ 149,50","R$ 41,21","R$ 41,21","NIS America, Inc.",16+
Shakedown: Hawaii,"R$ 79,99","R$ 59,99","R$ 55,99",Vblank Entertainment,14+
Xenon Racer - Deluxe Edition,"R$ 224,50","R$ 22,45","R$ 22,45",SOEDESCO PUBLISHING,6+
Fade to Silence,"R$ 149,50","R$ 49,33","R$ 49,33",THQ Nordic,14+
Konrad’s Kittens Bundle,"R$ 69,90","R$ 41,94","R$ 41,94",FusionPlay,12+
Conan Exiles – Deluxe Edition,"R$ 309,90","R$ 123,96","R$ 123,96",FUNCOM GMBH,18+
Power Rangers: Battle For The Grid,"R$ 104,90","R$ 41,75","R$ 41,75",NWAY INC.,12+
Power Rangers: Battle For The Grid - Edição de Colecionador,"R$ 214,90","R$ 82,45","R$ 82,45",NWAY INC.,12+
SEVEN: ENHANCED EDITION,"R$ 199,50","R$ 59,85","R$ 39,90",-,18+
SNK 40th ANNIVERSARY COLLECTION,"R$ 199,50","R$ 89,77","R$ 82,44","NIS America, Inc.",12+
ONE PIECE World Seeker Edição Deluxe,"R$ 349,90","R$ 76,97","R$ 76,97",BANDAI NAMCO Entertainment America Inc.,12+
Coleção LEGO® Marvel,"R$ 229,99","R$ 45,99","R$ 45,99",Warner Bros. Interactive,6+
VERTI-GO HOME!,"R$ 53,90","R$ 26,95","R$ 16,17",-,12+
Bonds of the Skies,"R$ 79,90","R$ 39,95","R$ 39,95",KEMCO,6+
Crimson Keep,"R$ 104,90","R$ 20,98","R$ 20,98",MERGE GAMES,14+
Crash Dummy,"R$ 53,90","R$ 16,17","R$ 13,47",FUNBOX MEDIA LIMITED,12+
The Walking Vegetables: Radical Edition,"R$ 69,90","R$ 13,98","R$ 13,98",MERGE GAMES,10+
Anthem™ - Edição Legião da Alvorada,"R$ 349,90","R$ 52,48","R$ 48,98",Electronic Arts Inc ,14+
Quase Lá: O jogo de plataforma,"R$ 53,90","R$ 4,15","R$ 4,15",The Quantum Astrophysicists Guild,6+
JUMP FORCE,"R$ 299,90","R$ 62,47","R$ 62,47",BANDAI NAMCO Entertainment America Inc.,12+
Metro Exodus,"R$ 164,90","R$ 49,47","R$ 49,46",Deep Silver,16+
Degrees of Separation,"R$ 104,90","R$ 9,22","R$ 9,22",Modus Games LLC,6+
The Liar Princess and the Blind Prince,"R$ 99,50","R$ 41,75","R$ 33,40","NIS America, Inc.",10+
RIOT - Civil Unrest,"R$ 99,50","R$ 16,70","R$ 16,70",MERGE GAMES,18+
Necrosphere Deluxe,"R$ 42,90","R$ 16,75","R$ 16,75",Unties,10+
RESIDENT EVIL 2,"R$ 199,50","R$ 79,80","R$ 79,80","Capcom U.S.A., Inc.",16+
ACE COMBAT™ 7: SKIES UNKNOWN,"R$ 249,90","R$ 62,47","R$ 62,47",BANDAI NAMCO Entertainment America Inc.,12+
SWORD ART ONLINE: FATAL BULLET Edição Completa,"R$ 349,90","R$ 69,98","R$ 69,98",BANDAI NAMCO Entertainment America Inc.,12+
Hitman HD Enhanced Collection,"R$ 319,90","R$ 62,47","R$ 62,47",IO Interactive A/S,18+
Tales of Vesperia™: Edição Definitiva,"R$ 239,50","R$ 47,90","R$ 47,90",BANDAI NAMCO Entertainment America Inc.,12+
BLUE REFLECTION,"R$ 299,90","R$ 124,95","R$ 124,95",KOEI TECMO America,16+
Desert Child,"R$ 64,50","R$ 24,95","R$ 22,45",AKUPARA GAMES,18+
PLAYERUNKNOWN’S BATTLEGROUNDS,"R$ 149,50","R$ 41,21",Free,"KRAFTON, Inc.",16+
Jagged Alliance: Rage!,"R$ 124,90","R$ 36,55","R$ 24,98",THQ Nordic,14+
Mutant Year Zero: Road to Eden,"R$ 144,90","R$ 57,96","R$ 57,96",FUNCOM GMBH,16+
Override: Mech City Brawl,"R$ 159,90","R$ 13,78","R$ 13,78",Modus Games LLC,10+
Override: Mech City Brawl - Super Charged Mega Edition,"R$ 214,90","R$ 18,43","R$ 18,43",Modus Games LLC,12+
Darksiders III,"R$ 299,90","R$ 68,97","R$ 53,97",THQ Nordic,14+
Darksiders III Blades and Whip Edition,"R$ 499,50","R$ 99,90","R$ 99,90",THQ Nordic,14+
Darksiders III Digital Deluxe Edition,"R$ 399,50","R$ 79,90","R$ 79,90",THQ Nordic,14+
Farming Simulator 19,"R$ 164,90","R$ 74,75",Free,Focus Home Interactive,6+
Farming Simulator 19 - Premium Edition,"R$ 332,90","R$ 149,70","R$ 149,70",Focus Home Interactive,6+
Fallout 76,"R$ 159,90","R$ 52,76","R$ 52,76",Bethesda Softworks,16+
Aces of the Luftwaffe - Squadron Extended Edition,"R$ 133,90","R$ 53,56","R$ 53,56",HANDY GAMES GMBH,10+
Chimparty,"R$ 104,90","R$ 52,45","R$ 52,45",Sony Interactive Entertainment,6+
HITMAN™ 2,"R$ 249,99","R$ 49,99","R$ 49,99",IO Interactive A/S,18+
Knowledge is Power:Decades,"R$ 104,90","R$ 52,45","R$ 52,45",Sony Interactive Entertainment,14+
HITMAN 2 - Edição Ouro,"R$ 399,99","R$ 79,99","R$ 79,99",IO Interactive A/S,18+
Tetris® Effect,"R$ 199,50","R$ 82,45","R$ 82,45",Enhance Games,12+
The Sims™ 4 + Gatos e Cães – Bundle,"R$ 198,99","R$ 49,74","R$ 49,74",Electronic Arts Inc ,12+
Chicken Range,"R$ 99,99","R$ 29,99","R$ 24,99",FUNBOX MEDIA LIMITED,10+
MudRunner - American Wilds Edition,"R$ 214,90","R$ 53,72","R$ 49,46",Focus Home Interactive,6+
Nickelodeon Kart Racers,"R$ 149,50","R$ 37,37","R$ 37,37",GAMEMILL ENTERTAINMENT,6+
SOULCALIBUR VI,"R$ 249,90","R$ 37,48","R$ 37,48",BANDAI NAMCO Entertainment America Inc.,12+
Fast Striker,"R$ 37,50","R$ 11,25","R$ 11,25",EastAsiaSoft,6+
LEGO® DC Super-Vilões Edição Deluxe,"R$ 279,99","R$ 55,99","R$ 55,99",Warner Bros. Interactive,6+
Disgaea 1 Complete,"R$ 207,90","R$ 83,16","R$ 83,16","NIS America, Inc.",14+
My Memory of Us,"R$ 122,90","R$ 30,72","R$ 18,43",-,10+
Assassin’s Creed® Odyssey Gold Edition,"R$ 279,99","R$ 55,99","R$ 55,99",Ubisoft Entertainment,18+
F1 2018,"R$ 229,99","R$ 45,99","R$ 45,99",Codemasters Inc.,6+
Creed Rise to Glory™,"R$ 149,50","R$ 31,22","R$ 24,97","SURVIOS, INC",16+
Anodyne,"R$ 53,90","R$ 10,78","R$ 5,39",-,18+
Edição Ultimate do Tom Clancy’s Ghost Recon® Wildlands,"R$ 299,90","R$ 89,97","R$ 89,96",Ubisoft Entertainment,18+
Fishing Sim World®: Pro Tour,"R$ 99,50","R$ 34,82","R$ 34,82",RAIL SIMULATOR.COM LTD,6+
Scribblenauts Mega Pack,"R$ 149,99","R$ 29,99","R$ 29,99",Warner Bros. Interactive,6+
Ninjin: Clash of Carrots,"R$ 53,90","R$ 5,39","R$ 5,39",Modus Games LLC,10+
Divinity: Original Sin 2 - Definitive Edition,"R$ 249,99","R$ 99,99","R$ 99,99",LARIAN STUDIOS GAMES LTD.,14+
NARUTO TO BORUTO: SHINOBI STRIKER,"R$ 249,90","R$ 37,48","R$ 37,48",BANDAI NAMCO Entertainment America Inc.,12+
Phantom Doctrine,"R$ 214,90","R$ 41,22","R$ 32,23",-,18+
Electronauts,"R$ 104,90","R$ 20,87","R$ 20,87","SURVIOS, INC",12+
Disgaea 5 Complete Bundle,"R$ 164,90","R$ 74,20","R$ 74,20","NIS America, Inc.",12+
Aces of the Luftwaffe - Squadron,"R$ 79,90","R$ 31,25","R$ 19,97",HANDY GAMES GMBH,10+
Mega Man X Legacy Collection 1+2,"R$ 179,99","R$ 89,99","R$ 89,99","Capcom U.S.A., Inc.",10+
Chicken Assassin: Reloaded,"R$ 42,90","R$ 16,75","R$ 13,40",AKUPARA GAMES,10+
Mugsters,"R$ 79,90","R$ 15,98","R$ 15,98",Team17 Digital Ltd.,12+
LUMINES REMASTERED,"R$ 79,90","R$ 31,25","R$ 31,25",Enhance Games,6+
Rainbow Skies,"R$ 159,90","R$ 37,47","R$ 37,47",EastAsiaSoft,14+
Jurassic World Evolution,"R$ 249,50","R$ 49,90","R$ 49,90",FRONTIER DEVELOPMENTS PLC,12+
Bloodstained: Curse of the Moon,"R$ 53,90","R$ 26,95","R$ 26,95",-,14+
ONRUSH DIGITAL DELUXE EDITION,"R$ 352,90","R$ 35,29","R$ 35,29",Codemasters Inc.,10+
ONRUSH STANDARD DIGITAL EDITION,"R$ 124,50","R$ 9,90","R$ 7,42",Codemasters Inc.,10+
Riddled Corpses EX,"R$ 53,90","R$ 8,30","R$ 8,08",-,12+
Street Fighter 30th Anniversary Collection,"R$ 179,99","R$ 62,45","R$ 62,45","Capcom U.S.A., Inc.",12+
Attack on Titan 2,"R$ 249,90","R$ 124,95","R$ 124,95",KOEI TECMO America,14+
Overwatch: Legendary Edition,"R$ 229,99","R$ 75,89","R$ 75,89","Blizzard Entertainment, Inc.",12+
Conan Exiles,"R$ 249,50","R$ 95,95","R$ 76,76",FUNCOM GMBH,18+
DOOM + Wolfenstein II Bundle,"R$ 295,99","R$ 97,67","R$ 97,67",Bethesda Softworks,18+
Skyrim Special Edition + Fallout 4 G.O.T.Y. Bundle,"R$ 295,99","R$ 109,51","R$ 109,51",Bethesda Softworks,18+
Killing Floor: Incursion,"R$ 99,50","R$ 33,40","R$ 33,40",Tripwire Interactive,18+
God of War Digital Deluxe Edition,"R$ 119,90","R$ 79,13","R$ 79,13",Sony Interactive Entertainment,18+
Extinction,"R$ 130,90","R$ 18,73","R$ 18,73",Modus Games LLC,16+
Extinction: Deluxe Edition,"R$ 199,50","R$ 22,48","R$ 22,48",Modus Games LLC,16+
The Witch and the Hundred Knight 2,"R$ 207,90","R$ 62,37","R$ 62,37","NIS America, Inc.",12+
Ni no Kuni™ II: REVENANT KINGDOM,"R$ 299,90","R$ 44,98","R$ 44,98",BANDAI NAMCO Entertainment America Inc.,10+
Titan Quest,"R$ 149,50","R$ 31,22","R$ 31,22",THQ Nordic,12+
Burnout™ Paradise Remastered,"R$ 118,99","R$ 47,59","R$ 47,59",Electronic Arts Inc ,10+
Devil May Cry HD Collection and 4SE Bundle,"R$ 186,90","R$ 82,23","R$ 82,23","Capcom U.S.A., Inc.",14+
Frantics,"R$ 104,90","R$ 52,45","R$ 52,45",Sony Interactive Entertainment,6+
Gravel,"R$ 164,90","R$ 18,73","R$ 18,73",Milestone,6+
Konrad’s Kittens,"R$ 64,50","R$ 24,95","R$ 24,95",FusionPlay,6+
SYMMETRY,"R$ 94,90","R$ 18,98","R$ 4,74",-,12+
Xenon Valkyrie+,"R$ 53,90","R$ 8,08","R$ 5,39",-,6+
Sprint Vector,"R$ 159,90","R$ 31,22","R$ 31,22","SURVIOS, INC",12+
Raw Data,"R$ 214,90","R$ 41,22","R$ 32,97","SURVIOS, INC",14+
Aegis Defenders,"R$ 104,90","R$ 26,22","R$ 26,22",Humble Games,6+
DRAGON BALL FIGHTERZ - FighterZ Edition,"R$ 399,90","R$ 59,98","R$ 59,98",BANDAI NAMCO Entertainment America Inc.,10+
SONIC FORCES Edição Digital Standard,"R$ 79,90","R$ 39,95","R$ 39,95","SEGA of America, Inc.",10+
Kerbal Space Program Enhanced Edition,"R$ 214,90","R$ 30,72","R$ 30,72",Take-Two,6+
Grand Theft Auto V: Edição Premium,"R$ 114,90","R$ 57,45","R$ 57,45",Rockstar Games,18+
Vegas Party,"R$ 64,50","R$ 19,35","R$ 16,12",FUNBOX MEDIA LIMITED,12+
Dead Rising 4: Frank’s Big Package,"R$ 149,99","R$ 37,49","R$ 37,49","Capcom U.S.A., Inc.",18+
Arizona Sunshine®,"R$ 214,90","R$ 41,22","R$ 41,22",VERTIGO GAMES,16+
DOOM VFR,"R$ 124,90","R$ 37,47","R$ 37,47",Bethesda Softworks,18+
Loading Human - Chapter 1,"R$ 129,99","R$ 19,49","R$ 19,49",Maximum Games,14+
The Count Lucanor,"R$ 79,90","R$ 7,50","R$ 7,50",MERGE GAMES,14+
The Sims™ 4 Edição Festa Deluxe,"R$ 198,99","R$ 47,75","R$ 47,75",Electronic Arts Inc ,12+
Demon Gaze II,"R$ 199,50","R$ 41,22","R$ 41,22","NIS America, Inc.",14+
LEGO® Marvel Super Heroes 2,"R$ 79,99","R$ 19,99","R$ 19,99",Warner Bros. Interactive,6+
Road Rage,"R$ 104,90","R$ 12,52","R$ 12,52",Maximum Games,16+
Need for Speed™ Payback - Deluxe Edition,"R$ 158,99","R$ 47,69","R$ 47,69",Electronic Arts Inc ,10+
Wuppo - Deluxe Edition,"R$ 79,99","R$ 15,99","R$ 15,99",SOEDESCO PUBLISHING,6+
Wuppo - Super Deluxe Edition,"R$ 89,99","R$ 17,99","R$ 17,99",SOEDESCO PUBLISHING,6+
Assassin’s Creed® Origins Gold Edition,"R$ 299,90","R$ 59,98","R$ 59,98",Ubisoft Entertainment,16+
Hidden Agenda,"R$ 39,90","R$ 19,95","R$ 19,95",Sony Interactive Entertainment,18+
Knowledge is Power,"R$ 49,50","R$ 24,75","R$ 24,75",Sony Interactive Entertainment,6+
Rapala Fishing: Pro Series,"R$ 99,50","R$ 24,87","R$ 24,87",GAMEMILL ENTERTAINMENT,6+
Yomawari: Midnight Shadows,"R$ 99,50","R$ 25,05","R$ 25,05","NIS America, Inc.",16+
The Metronomicon: Slay the Dance Floor - Deluxe,"R$ 133,90","R$ 36,36","R$ 26,78",AKUPARA GAMES,10+
ELEX,"R$ 199,99","R$ 33,99","R$ 29,99",THQ Nordic,14+
Gran Turismo Sport,"R$ 79,99","R$ 39,99","R$ 39,99",Sony Interactive Entertainment,6+
ARK: Survival Evolved Explorer’s Edition,"R$ 373,90","R$ 93,47","R$ 74,78",-,14+
Fallout 4: Game of the Year Edition,"R$ 249,90","R$ 44,97","R$ 44,97",Bethesda Softworks,18+
Blackguards 2,"R$ 99,50","R$ 20,87","R$ 20,87",Kalypso Media,14+
Marvel vs. Capcom: Infinite - Standard Edition,"R$ 179,99","R$ 44,99","R$ 44,99","Capcom U.S.A., Inc.",12+
Baja: Edge of Control HD,"R$ 119,90","R$ 17,98","R$ 17,98",THQ Nordic,6+
Planet of the Eyes,"R$ 41,50","R$ 8,30","R$ 8,30",-,12+
Ys VIII: Lacrimosa of DANA,"R$ 249,90","R$ 82,46","R$ 82,46","NIS America, Inc.",12+
Dead Alliance™,"R$ 149,99","R$ 22,49","R$ 22,49",Maximum Games,16+
Dead Alliance™: Multiplayer Edition,"R$ 104,90","R$ 12,52","R$ 12,52",Maximum Games,16+
RESIDENT EVIL REVELATIONS,"R$ 129,99","R$ 51,99","R$ 51,99","Capcom U.S.A., Inc.",16+
The Metronomicon: Slay the Dance Floor,"R$ 104,90","R$ 29,22","R$ 20,98",AKUPARA GAMES,10+
Agents of Mayhem,"R$ 99,50","R$ 14,92","R$ 14,92",Deep Silver,18+
Sonic Mania,"R$ 65,99","R$ 32,99","R$ 32,99","SEGA of America, Inc.",6+
Mega Man Legacy Collection 1 and 2 Combo Pack,"R$ 159,99","R$ 79,99","R$ 79,99","Capcom U.S.A., Inc.",6+
Sine Mora EX,"R$ 79,90","R$ 15,98","R$ 15,98",Handy Games GmbH,14+
Demetrios - The BIG Cynical Adventure,"R$ 53,90","R$ 5,39","R$ 5,39",-,12+
Sundered®: Eldritch Edition,"R$ 61,50","R$ 12,30","R$ 12,29",-,14+
That’s You!,"R$ 39,90","R$ 23,94","R$ 23,94",Sony Interactive Entertainment,12+
Crash Bandicoot™ N. Sane Trilogy,"R$ 179,50","R$ 74,95","R$ 74,95",Activision,6+
Pacote Familiar EA,"R$ 199,50","R$ 26,92","R$ 19,94",Electronic Arts Inc ,14+
ARK: Survival Evolved,"R$ 207,90","R$ 41,58","R$ 41,58",-,16+
DiRT 4,"R$ 124,50","R$ 20,78","R$ 20,78",Codemasters Inc.,6+
The Elder Scrolls Online,"R$ 83,50","R$ 33,40","R$ 33,40",Bethesda Softworks,14+
TEKKEN 7,"R$ 207,90","R$ 41,58","R$ 41,58",BANDAI NAMCO Entertainment America Inc.,12+
Injustice™ 2,"R$ 119,90","R$ 29,97","R$ 29,97",Warner Bros. Interactive,14+
Tango Fiesta,"R$ 53,90","R$ 10,78","R$ 10,78",MERGE GAMES,6+
The Surge,"R$ 99,50","R$ 20,87","R$ 19,89",Focus Home Interactive,16+
Birthdays the Beginning,"R$ 199,50","R$ 41,22","R$ 34,62","NIS America, Inc.",6+
Resident Evil™ Code: Veronica X,"R$ 79,90","R$ 31,25","R$ 31,25","Capcom U.S.A., Inc.",18+
Darksiders: Fury’s Collection - War and Death,"R$ 164,90","R$ 32,98","R$ 32,98",THQ Nordic,14+
Euro Fishing,"R$ 104,90","R$ 20,87","R$ 20,87",RAIL SIMULATOR.COM LTD,6+
Troll and I™,"R$ 124,90","R$ 18,73","R$ 18,73",Maximum Games,14+
Gem Smashers,"R$ 31,90","R$ 9,57","R$ 7,97",FUNBOX MEDIA LIMITED,6+
Sublevel Zero - Redux,"R$ 104,90","R$ 20,98","R$ 20,98",MERGE GAMES,0+
Ride 2,"R$ 149,90","R$ 14,95","R$ 14,95",Milestone,6+
Sniper Elite 4,"R$ 319,90","R$ 31,99","R$ 31,99",Rebellion,0+
Sniper Elite 4 Deluxe Edition,"R$ 373,90","R$ 37,39","R$ 37,39",Rebellion,18+
VR Ping Pong,"R$ 79,90","R$ 15,98","R$ 15,98",MERGE GAMES,0+
NARUTO SHIPPUDEN™: Ultimate Ninja® STORM 4 ROAD TO BORUTO,"R$ 207,90","R$ 51,97","R$ 51,97",BANDAI NAMCO Entertainment America Inc.,12+
Valentino Rossi The Game Compact,"R$ 53,90","R$ 10,78","R$ 10,78",Milestone,6+
RESIDENT EVIL 7 biohazard,"R$ 149,99","R$ 49,75","R$ 49,75","Capcom U.S.A., Inc.",16+
TALES OF BERSERIA,"R$ 249,99","R$ 25,05","R$ 25,05",BANDAI NAMCO Entertainment America Inc.,12+
2064: Read Only Memories,"R$ 104,90","R$ 20,98","R$ 15,73",-,18+
Darksiders Warmastered Edition,"R$ 99,50","R$ 19,90","R$ 19,90",THQ Nordic,14+
Killing Floor 2,"R$ 149,50","R$ 37,37","R$ 37,37",Tripwire Interactive,18+
Watch Dogs 2 - Gold Edition,"R$ 239,99","R$ 47,99","R$ 47,99",Ubisoft Entertainment,16+
Cartoon Network: Battle Crashers,"R$ 99,50","R$ 22,88","R$ 22,88",GAMEMILL ENTERTAINMENT,6+
DRAGON BALL XENOVERSE Super Bundle,"R$ 424,50","R$ 48,88","R$ 48,88",BANDAI NAMCO Entertainment America Inc.,10+
The Elder Scrolls V: Skyrim Special Edition,"R$ 132,00","R$ 46,20","R$ 46,20",Bethesda Softworks,18+
Big Buck Hunter Arcade,"R$ 99,50","R$ 24,87","R$ 24,87",GAMEMILL ENTERTAINMENT,16+
Battlefield™ 1,"R$ 78,99","R$ 11,84","R$ 11,84",Electronic Arts Inc ,16+
HoPiKo,"R$ 37,50","R$ 3,75","R$ 3,75",MERGE GAMES,6+
O Pacote Jackbox Party 3,"R$ 133,90","R$ 62,34","R$ 62,34",Jackbox Games,14+
Valentino Rossi The Game,"R$ 99,50","R$ 24,87","R$ 24,87",Milestone,6+
Virginia – Pacote de Edição Especial,"R$ 59,50","R$ 17,85","R$ 17,85",505 Games,16+
BioShock: The Collection,"R$ 248,90","R$ 41,58","R$ 41,58",2K,18+
Don’t Starve Together: Console Edition,"R$ 62,50","R$ 25,00","R$ 25,00",Klei Entertainment Inc.,0+
Jotun: Valhalla Edition,"R$ 45,90","R$ 9,18","R$ 9,17",-,12+
Livelock,"R$ 53,90","R$ 20,75","R$ 20,75",PERFECT WORLD ENTERTAINMENT INC.,12+
resident evil 4,"R$ 149,99","R$ 59,99","R$ 59,99","Capcom U.S.A., Inc.",18+
The Witcher 3: Wild Hunt – Complete Edition,"R$ 207,90","R$ 41,58","R$ 41,58",CD PROJEKT SA,16+
No Man’s Sky,"R$ 299,90","R$ 93,55","R$ 93,55",Hello Games Ltd,12+
Cast of the Seven Godsends – Redux ,"R$ 37,50","R$ 7,50","R$ 7,50",MERGE GAMES,0+
LEGO® Star Wars™: LEGO® Star Wars™: The Force Awakens de Luxo,"R$ 129,90","R$ 25,98","R$ 25,98",Warner Bros. Interactive,6+
Heart&Slash,"R$ 104,90","R$ 26,22","R$ 26,22",Badland Publishing,10+
RESIDENT EVIL 5,"R$ 149,99","R$ 59,99","R$ 59,99","Capcom U.S.A., Inc.",18+
Grand Kingdom,"R$ 124,90","R$ 24,98","R$ 24,98","NIS America, Inc.",12+
Umbrella Corps,"R$ 83,50","R$ 15,37","R$ 15,37","Capcom U.S.A., Inc.",16+
Umbrella Corps Deluxe Edition,"R$ 103,90","R$ 19,22","R$ 19,22","Capcom U.S.A., Inc.",16+
DOOM,"R$ 71,50","R$ 21,45","R$ 21,45",Bethesda Softworks,18+
UNCHARTED 4: A Thief’s End,"R$ 79,90","R$ 39,95",Free,Sony Interactive Entertainment,14+
"Invisible, Inc. Console Edition","R$ 104,90","R$ 26,22","R$ 26,22",Klei Entertainment Inc.,0+
Lichdom: Battlemage,"R$ 53,90","R$ 6,22","R$ 6,22",Maximum Games,14+
DARK SOULS™ III,"R$ 249,99","R$ 39,99","R$ 39,99",BANDAI NAMCO Entertainment America Inc.,14+
DiRT Rally,"R$ 199,50","R$ 24,87","R$ 24,87",Codemasters Inc.,6+
Resident Evil 6,"R$ 149,99","R$ 39,80","R$ 39,80","Capcom U.S.A., Inc.",16+
Sébastien Loeb Rally EVO,"R$ 99,50","R$ 19,90","R$ 16,70",Milestone,6+
Sheltered,"R$ 79,90","R$ 13,77","R$ 13,77",Team17 Digital Ltd.,12+
BEB: Super Mega Bundle,"R$ 104,90","R$ 20,98","R$ 10,49",-,10+
Blast ’Em Bunnies,"R$ 26,90","R$ 5,38","R$ 2,69",-,10+
Kholat,"R$ 104,90","R$ 26,22","R$ 15,73",-,12+
Heavy Rain,"R$ 99,99","R$ 32,99","R$ 32,99",Sony Interactive Entertainment,16+
Mortal Kombat XL,"R$ 119,99","R$ 35,99","R$ 35,99",Warner Bros. Interactive,18+
The Witch and the Hundred Knight: Revival Edition,"R$ 124,90","R$ 41,21","R$ 41,21","NIS America, Inc.",14+
Atualização de Rainbow Moon para PS4™,"R$ 40,50","R$ 12,60","R$ 12,60",EastAsiaSoft,10+
Rainbow Moon,"R$ 79,90","R$ 12,50","R$ 12,50",EastAsiaSoft,10+
Randal’s Monday,"R$ 74,90","R$ 22,47","R$ 18,72",-,16+
Street Fighter™ V,"R$ 71,50","R$ 28,60",Free,"Capcom U.S.A., Inc.",12+
NARUTO SHIPPUDEN™: Ultimate Ninja® STORM 4,"R$ 249,99","R$ 37,49","R$ 37,49",BANDAI NAMCO Entertainment America Inc.,12+
Albedo: Eyes From Outer Space,"R$ 79,90","R$ 15,98","R$ 15,98",MERGE GAMES,12+
LEGO® Marvel’s Avengers Edição de Luxo,"R$ 199,99","R$ 49,99","R$ 49,99",Warner Bros. Interactive,10+
Resident Evil 0,"R$ 83,50","R$ 20,87","R$ 20,87","Capcom U.S.A., Inc.",14+
Earth Defense Force 4.1: The Shadow of New Despair,"R$ 83,50","R$ 41,75","R$ 41,75",Marvelous USA (XSEED),16+
BEYOND: Two Souls™,"R$ 244,50","R$ 19,99","R$ 19,99",Sony Interactive Entertainment,18+
Resident Evil Revelations 2 Edição de Luxo,"R$ 129,99","R$ 51,99","R$ 51,99","Capcom U.S.A., Inc.",16+
Bloodborne™ Complete Edition Bundle,"R$ 125,50","R$ 53,96","R$ 53,96",Sony Interactive Entertainment,16+
Darksiders II Deathinitive Edition,"R$ 149,50","R$ 31,22","R$ 26,90",THQ Nordic,16+
MX vs. ATV Supercross Encore,"R$ 149,50","R$ 18,73","R$ 18,73",THQ Nordic,6+
Goosebumps: The Game,"R$ 79,90","R$ 19,97","R$ 19,97",GAMEMILL ENTERTAINMENT,10+
DISGAEA 5: ALLIANCE OF VENGEANCE,"R$ 149,50","R$ 62,45","R$ 62,45","NIS America, Inc.",14+
Xeodrifter,"R$ 53,90","R$ 10,78","R$ 5,39",-,6+
God of War III Remastered,"R$ 99,99","R$ 49,99","R$ 49,99",Sony Interactive Entertainment,18+
Whispering Willows,"R$ 66,90","R$ 12,97","R$ 10,37",LOOT™ Interactive,14+
Resident Evil,"R$ 83,50","R$ 20,87","R$ 20,87","Capcom U.S.A., Inc.",16+
Terraria: PS4™ Edition,"R$ 136,90","R$ 41,07","R$ 41,07",505 Games,12+
Battlefield 4™ Premium Edition,"R$ 158,99","R$ 23,84","R$ 23,84",Electronic Arts Inc ,16+
Flockers,"R$ 133,90","R$ 11,53","R$ 11,53",Team17 Digital Ltd.,16+
Metro 2033 Redux,"R$ 104,90","R$ 20,87","R$ 20,87",Deep Silver,18+
Plants vs. Zombies™ Garden Warfare,"R$ 99,50","R$ 19,90","R$ 19,90",Electronic Arts Inc ,10+
The Last Of Us™ Remastered ,"R$ 79,90","R$ 39,95","R$ 39,95",Sony Interactive Entertainment,16+
Don’t Starve: Console Edition,"R$ 79,90","R$ 15,62","R$ 15,62",Klei Entertainment Inc.,12+
LEGO® Marvel™ Super Heroes,"R$ 79,99","R$ 19,99","R$ 19,99",Warner Bros. Interactive,6+
Wreckfest - Complete Edition,"R$ 264,90","R$ 172,18","R$ 172,18",THQ Nordic,12+
Blaster Master Zero,"R$ 41,50","R$ 20,75","R$ 20,75",-,6+
Outbreak: Lost Hope,"R$ 69,90","R$ 34,95","R$ 27,96",Dead Drop Studios LLC,16+
MotoGP™20,"R$ 207,90","R$ 51,97","R$ 41,57",Milestone,6+
SnowRunner - Premium Edition,"R$ 289,90","R$ 173,94","R$ 173,94",Focus Home Interactive,6+
The Surge 1 and 2 - Dual Pack,"R$ 319,90","R$ 108,76","R$ 108,76",Focus Home Interactive,18+
"Conan Exiles – Complete Edition, maio de 2020","R$ 644,50","R$ 451,15","R$ 451,15",FUNCOM GMBH,18+
Sakura Wars Digital Deluxe Edition,"R$ 332,90","R$ 166,45","R$ 166,44","SEGA of America, Inc.",16+
Utawarerumono: Prelude to the Fallen,"R$ 249,90","R$ 149,94","R$ 149,94","NIS America, Inc.",18+
The Jackbox Party Trilogy 2.0,"R$ 364,90","R$ 182,45","R$ 182,45",Jackbox Games,14+
Kingdoms of Amalur: Re-Reckoning,"R$ 199,50","R$ 119,70","R$ 119,70",THQ Nordic,16+
Takotan,"R$ 53,90","R$ 26,95","R$ 26,95",EastAsiaSoft,6+
13 Sentinels: Aegis Rim,"R$ 299,90","R$ 149,95","R$ 149,95","SEGA of America, Inc.",12+
The Last of Us Part II,"R$ 279,90","R$ 139,95","R$ 139,95",Sony Interactive Entertainment,18+
The Last of Us Part II Digital Deluxe Edition,"R$ 384,50","R$ 219,16","R$ 219,16",Sony Interactive Entertainment,18+
Dance Collider,"R$ 104,90","R$ 52,45","R$ 41,96",EmergeWorlds PTY LTD,6+
The Elder Scrolls Online: Greymoor,"R$ 249,90","R$ 82,33","R$ 74,84",Bethesda Softworks,14+
The Elder Scrolls Online: Greymoor Collector’s Edition,"R$ 332,90","R$ 109,85","R$ 99,86",Bethesda Softworks,14+
F1 2020 - Deluxe Schumacher Edition,"R$ 289,90","R$ 86,97","R$ 86,97",Codemasters Inc.,0+
Blaster Master Zero 2,"R$ 41,50","R$ 20,75","R$ 20,75",-,6+
Edição Deluxe de Captain Tsubasa: Rise of New Champions,"R$ 454,90","R$ 211,74","R$ 211,74",BANDAI NAMCO Entertainment America Inc.,10+
Robozarro,"R$ 37,50","R$ 15,00","R$ 15,00",EastAsiaSoft,6+
Captain Tsubasa: Rise of New Champions,"R$ 299,90","R$ 149,95","R$ 149,95",BANDAI NAMCO Entertainment America Inc.,10+
FAIRY TAIL,"R$ 249,90","R$ 174,93","R$ 174,93",KOEI TECMO America,12+
void TRRLM(); //Void Terrarium,"R$ 103,90","R$ 62,34","R$ 62,34","NIS America, Inc.",12+
"Warhammer 40,000: Mechanicus","R$ 199,50","R$ 99,75","R$ 99,75",Kalypso Media,12+
Ghost of Tsushima,"R$ 299,90","R$ 200,93","R$ 200,93",Sony Interactive Entertainment,18+
Trine: Ultimate Collection,"R$ 207,90","R$ 62,37","R$ 62,37",Frozenbyte,12+
DASHBALL,"R$ 37,50","R$ 18,75","R$ 16,87",4 GLADIATORS,10+
Rock of Ages 3: Make and Break,"R$ 149,50","R$ 49,33","R$ 49,33",Modus Games LLC,12+
Remnant: From the Ashes – Complete Edition,"R$ 264,90","R$ 158,94","R$ 158,94",PERFECT WORLD ENTERTAINMENT INC.,16+
eFootball PES 2021 SEASON UPDATE ARSENAL EDITION,"R$ 254,90","R$ 65,96","R$ 65,96","Konami Digital Entertainment, Inc.",6+
eFootball PES 2021 SEASON UPDATE FC BARCELONA EDITION,"R$ 254,90","R$ 65,96","R$ 65,96","Konami Digital Entertainment, Inc.",6+
eFootball PES 2021 SEASON UPDATE FC BAYERN MÜNCHEN EDITION,"R$ 254,90","R$ 65,96","R$ 65,96","Konami Digital Entertainment, Inc.",6+
eFootball PES 2021 SEASON UPDATE JUVENTUS EDITION,"R$ 254,90","R$ 65,96","R$ 65,96","Konami Digital Entertainment, Inc.",6+
eFootball PES 2021 SEASON UPDATE MANCHESTER UNITED EDITION,"R$ 254,90","R$ 65,96","R$ 65,96","Konami Digital Entertainment, Inc.",6+
Black Desert: Conqueror Edition,"R$ 414,90","R$ 165,96","R$ 165,96",PEARL ABYSS,12+
Black Desert: Explorer Edition,"R$ 207,90","R$ 83,16","R$ 83,16",PEARL ABYSS,12+
Black Desert: Traveler Edition,"R$ 124,90","R$ 49,96","R$ 49,96",PEARL ABYSS,12+
Dragon Marked For Death,"R$ 214,90","R$ 128,94","R$ 128,94",-,14+
TY the Tasmanian Tiger HD,"R$ 159,90","R$ 105,53","R$ 105,53",KROME INTERACTIVE,10+
112th Seed,"R$ 26,90","R$ 13,45","R$ 13,45",EastAsiaSoft,6+
FINAL FANTASY CRYSTAL CHRONICLES Remastered Edition,"R$ 124,90","R$ 74,94","R$ 74,94",SQUARE ENIX CO. LTD.,12+
Skully,"R$ 149,50","R$ 44,85","R$ 44,85",Modus Games LLC,10+
DOOM Slayers Collection,"R$ 149,50","R$ 74,75","R$ 74,75",Bethesda Softworks,18+
Train Sim World® 2,"R$ 124,90","R$ 62,45","R$ 62,45",RAIL SIMULATOR.COM LTD,6+
Railway Empire - Complete Collection,"R$ 164,90","R$ 82,45","R$ 82,45",Kalypso Media,6+
VELOZES E FURIOSOS ENCRUZILHADA,"R$ 249,90","R$ 65,96","R$ 65,96",BANDAI NAMCO Entertainment America Inc.,14+
Zero Strain,"R$ 53,90","R$ 21,56","R$ 21,56",EastAsiaSoft,6+
Red Dead Redemption 2,"R$ 248,90","R$ 124,45","R$ 124,45",Rockstar Games,18+
Thief Simulator,"R$ 83,50","R$ 62,62","R$ 62,62",PLAYWAY S.A,6+
PGA TOUR 2K21,"R$ 249,90","R$ 82,46","R$ 82,46",2K,6+
New Super Lucky’s Tale,"R$ 164,90","R$ 115,43","R$ 98,94",PLAYFUL CORP.,6+
FUSER™ VIP Edition,"R$ 503,41","R$ 352,38","R$ 352,38","NC INTERACTIVE, LLC",10+
FUSER™,"R$ 298,90","R$ 149,45","R$ 149,45","NC INTERACTIVE, LLC",10+
The Walking Dead Onslaught: Digital Deluxe,"R$ 214,90","R$ 107,45","R$ 107,45","SURVIOS, INC",16+
Control Ultimate Edition,"R$ 214,90","R$ 107,45",Free,505 Games,16+
Necromunda: Underhive Wars,"R$ 214,90","R$ 85,96","R$ 85,96",Focus Home Interactive,16+
Motorbike Racing Bundle,"R$ 319,90","R$ 63,98","R$ 63,98",Milestone,6+
F1 2020,"R$ 249,90","R$ 74,97","R$ 74,97",Codemasters Inc.,6+
Bounty Battle,"R$ 124,50","R$ 43,57","R$ 43,57",MERGE GAMES,10+
WWE 2K Battlegrounds,"R$ 222,90","R$ 111,45","R$ 111,44",2K,12+
Outbreak: The Nightmare Chronicles,"R$ 69,90","R$ 34,95","R$ 27,96",Dead Drop Studios LLC,16+
Mafia: Definitive Edition,"R$ 164,90","R$ 123,67","R$ 123,67",2K,18+
Mafia: Trilogy,"R$ 249,90","R$ 162,43","R$ 162,43",2K,18+
Warface: Breakout – Edição Definitiva,"R$ 239,90","R$ 47,98","R$ 47,98",MY.COM,14+
Let’s Sing Queen,"R$ 214,90","R$ 139,68","R$ 139,68",Deep Silver,10+
G.I. Joe: Operation Blackout,"R$ 264,90","R$ 92,71","R$ 92,71",GAMEMILL ENTERTAINMENT,14+
Remothered: Broken Porcelain,"R$ 149,50","R$ 74,75","R$ 74,75",Modus Games LLC,18+
Dead by Daylight: Special Edition,"R$ 264,90","R$ 211,92","R$ 171,92",-,18+
The Jackbox Party Pack 7,"R$ 159,90","R$ 103,93","R$ 103,93",Jackbox Games,14+
Jurassic World Evolution: Edição Jurassic Park,"R$ 348,90","R$ 80,24","R$ 80,24",FRONTIER DEVELOPMENTS PLC,16+
Cobra Kai: The Karate Kid Saga Continues,"R$ 199,50","R$ 99,75","R$ 99,75",GAMEMILL ENTERTAINMENT,12+
Chronos: Before the Ashes,"R$ 149,50","R$ 104,65","R$ 104,65",THQ Nordic,12+
Macrotis: A Mother’s Journey,"R$ 64,50","R$ 32,25","R$ 32,25",EastAsiaSoft,6+
DOOM Eternal: Year One Pass (Standalone),"R$ 122,90","R$ 92,17","R$ 92,17",Bethesda Softworks,18+
Battlefield™ V Edição Definitiva,"R$ 298,90","R$ 74,72","R$ 74,72",Electronic Arts Inc ,16+
Outbreak,"R$ 53,90","R$ 26,95","R$ 21,56",Dead Drop Studios LLC,14+
Ghostrunner,"R$ 159,90","R$ 111,93","R$ 111,93",505 Games,18+
The Legend of Heroes: Trails of Cold Steel IV Digital Deluxe Edition,"R$ 429,90","R$ 322,42","R$ 322,42","NIS America, Inc.",12+
Just Dance® 2021,"R$ 229,90","R$ 137,94","R$ 137,94",Ubisoft Entertainment,6+
UNTURNED,"R$ 133,90","R$ 100,42","R$ 100,42",505 Games,14+
Santa’s Xmas Adventure,"R$ 44,50","R$ 13,35","R$ 11,12",FUNBOX MEDIA LIMITED,6+
Fishing Sim World: Bass Pro Shops Edition,"R$ 199,50","R$ 109,72","R$ 109,72",RAIL SIMULATOR.COM LTD,6+
Twin Mirror,"R$ 159,90","R$ 103,93","R$ 103,93",BANDAI NAMCO Entertainment America Inc.,16+
Söldner-X 2: Final Prototype Definitive Edition,"R$ 53,90","R$ 32,34","R$ 32,34",EastAsiaSoft,6+
Dying Light Anniversary Edition,"R$ 214,90","R$ 161,17","R$ 161,17",Warner Bros. Interactive,16+
Devil May Cry 5,"R$ 103,90","R$ 83,12","R$ 83,12","Capcom U.S.A., Inc.",16+
Let’s Sing 2021 - Platinum Edition,"R$ 399,90","R$ 259,93","R$ 259,93",Deep Silver,10+
Fantasy Friends,"R$ 159,90","R$ 79,95","R$ 63,96",Just for Games SAS,6+
"Pacote Assassin’s Creed®: Assassin’s Creed® Valhalla, Assassin’s Creed® Odyssey e Assassin’s Creed® Origins","R$ 664,90","R$ 265,96","R$ 265,96",Ubisoft Entertainment,18+
Rusty Spout Rescue Adventure,"R$ 53,90","R$ 26,25","R$ 18,75",7 RAVEN STUDIOS CO. LTD.,6+
Drunken Fist,"R$ 42,90","R$ 30,03","R$ 30,03",EastAsiaSoft,14+
Crystal Ortha,"R$ 79,90","R$ 59,92","R$ 55,92",KEMCO,10+
Morbid: The Seven Acolytes,"R$ 133,90","R$ 80,34","R$ 80,34",MERGE GAMES,14+
Fishing Sim World: Pro Tour + The Catch: Carp and Coarse,"R$ 187,90","R$ 93,95","R$ 93,95",RAIL SIMULATOR.COM LTD,6+
Teratopia,"R$ 79,90","R$ 39,95","R$ 39,95",EastAsiaSoft,16+
Ys IX: Monstrum Nox Digital Deluxe Edition,"R$ 399,90","R$ 319,92","R$ 319,92","NIS America, Inc.",12+
Project Starship X,"R$ 53,90","R$ 37,73","R$ 37,73",EastAsiaSoft,10+
Colossus Down,"R$ 94,90","R$ 75,92","R$ 71,17",-,16+
Jeopardy! PlayShow,"R$ 133,90","R$ 107,12","R$ 100,42",SONY PICTURES TELEVISION INC.,6+
DiRT Rally® PLUS PLAYSTATION®VR BUNDLE,"R$ 124,90","R$ 26,22","R$ 26,22",Codemasters Inc.,12+
Project CARS,"R$ 83,50","R$ 16,70","R$ 16,70",BANDAI NAMCO Entertainment America Inc.,6+
NASCAR Heat 5 - Ultimate Edition,"R$ 214,90","R$ 161,17","R$ 161,17",704Games Company,3+
The Catch: Carp and Coarse - Collector’s Edition,"R$ 187,90","R$ 122,13","R$ 122,13",RAIL SIMULATOR.COM LTD,6+
Secret Neighbor,"R$ 104,90","R$ 104,90","R$ 94,41",TINYBUILD LLC,6+
I Saw Black Clouds,"R$ 69,90","R$ 69,90","R$ 62,91",Wales Interactive,16+
Narita Boy,"R$ 133,90","R$ 133,90","R$ 120,51",Team17 Digital Ltd.,12+
NHL™ 21 Deluxe Edition,"R$ 338,90","R$ 122,00","R$ 122,00",Electronic Arts Inc ,10+
NHL™ 21 Great Eight Edition,"R$ 398,90","R$ 147,59","R$ 147,59",Electronic Arts Inc ,10+
UFC® 4 Edição Deluxe,"R$ 338,90","R$ 169,45","R$ 169,45",Electronic Arts Inc ,14+
Sid Meier’s Civilization VI,"R$ 249,90","R$ 62,47","R$ 62,47",2K,10+
Black Legend,"R$ 159,90","R$ 159,90","R$ 143,91",Warcave,16+
Paradise Lost,"R$ 79,90","R$ 79,90","R$ 63,92",All in! Games S.A.,14+
Atelier Firis: The Alchemist and the Mysterious Journey DX,"R$ 214,90","R$ 214,90","R$ 193,41",KOEI TECMO America,12+
Atelier Lydie and Suelle: The Alchemists and the Mysterious Paintings DX,"R$ 214,90","R$ 214,90","R$ 193,41",KOEI TECMO America,12+
Atelier Mysterious Trilogy Deluxe Pack,"R$ 482,90","R$ 482,90","R$ 434,61",KOEI TECMO America,12+
Atelier Sophie: The Alchemist of the Mysterious Book DX,"R$ 214,90","R$ 214,90","R$ 193,41",KOEI TECMO America,12+
Can’t Drive This,"R$ 99,50","R$ 99,50","R$ 89,55",Pixel Maniacs,6+
Root Film,"R$ 199,50","R$ 199,50","R$ 159,60",PQUBE,16+
Tomb Raider: Definitive Survivor Trilogy,"R$ 99,80","R$ 99,80","R$ 99,80",SQUARE ENIX CO. LTD.,16+
Signs of the Sojourner,"R$ 104,90","R$ 104,90","R$ 83,92",Digerati,6+
The Council - The Complete Season,"R$ 103,90","R$ 25,97","R$ 25,97",Focus Home Interactive,14+
Oniken: Unstoppable Edition,"R$ 41,50","R$ 12,45","R$ 12,45",Digerati,10+
"SWORD ART ONLINE: Alicization Lycoris, Edição Deluxe","R$ 436,90","R$ 305,83","R$ 305,83",BANDAI NAMCO Entertainment America Inc.,12+
Odallus: The Dark Call,"R$ 49,90","R$ 14,97","R$ 14,97",Digerati,12+
DOOM 64,"R$ 19,90","R$ 5,97","R$ 5,97",Bethesda Softworks,16+
Gal*Gun: Double Peace - Complete Edition,"R$ 164,90","R$ 82,45","R$ 82,45",PQUBE,16+
Let’s Sing 2020 Platinum Edition,"R$ 417,90","R$ 207,29","R$ 207,29",Deep Silver,10+
Let’s Sing 2020,"R$ 239,90","R$ 117,74","R$ 117,74",Deep Silver,10+
Braveland Trilogy,"R$ 79,90","R$ 31,96","R$ 19,97",ELLADA GAMES,10+
Blind Men,"R$ 26,90","R$ 12,93","R$ 12,93",RATALAIKA GAMES SL,14+
Rush Rover,"R$ 26,90","R$ 12,93","R$ 12,93",RATALAIKA GAMES SL,6+
RIDE 4 PS4 and PS5,"R$ 249,50","R$ 149,70","R$ 149,70",Milestone,6+
Warhammer Pack: Hack and Slash,"R$ 429,90","R$ 107,47","R$ 99,86",NACON SA,18+
RIDE 4 - Special Edition PS4 and PS5,"R$ 429,90","R$ 239,70","R$ 239,70",Milestone,6+
OVERPASS Deluxe Edition,"R$ 349,90","R$ 43,48","R$ 43,48",NACON SA,6+
NAMCO Museum Archives Vol 1,"R$ 104,90","R$ 52,45","R$ 52,45",BANDAI NAMCO Entertainment America Inc.,14+
NAMCO MUSEUM® ARCHIVES Vol 2,"R$ 83,50","R$ 41,75","R$ 41,75",BANDAI NAMCO Entertainment America Inc.,10+
Hunting Simulator 2,"R$ 207,90","R$ 103,95","R$ 103,94",NACON SA,12+
Golf Zero,"R$ 26,90","R$ 14,79","R$ 14,79",RATALAIKA GAMES SL,6+
Empire of Sin,"R$ 199,50","R$ 139,65","R$ 139,65",Paradox Interactive,16+
Disaster Report 4: Summer Memories,"R$ 249,90","R$ 149,94","R$ 149,94","NIS America, Inc.",14+
Fishing Sim World®: Pro Tour - Collector’s Edition,"R$ 264,90","R$ 103,95","R$ 103,95",RAIL SIMULATOR.COM LTD,6+
Scott Pilgrim vs. The World™: The Game – Complete Edition,"R$ 62,50","R$ 50,00","R$ 50,00",Ubisoft Entertainment,12+
Gal*Gun 2 - Complete Edition,"R$ 249,90","R$ 149,94","R$ 149,94",PQUBE,16+
BioShock Infinite: The Complete Edition,"R$ 99,50","R$ 74,62","R$ 74,62",2K,18+
Ys: Memories of Celceta,"R$ 149,50","R$ 97,17","R$ 97,17",Marvelous USA (XSEED),12+
TT Isle of Man: Ride on the Edge 2,"R$ 249,90","R$ 82,46","R$ 82,46",NACON SA,0+
Thunder Paw,"R$ 26,90","R$ 12,10","R$ 12,10",RATALAIKA GAMES SL,10+
Tom Clancy’s The Division® Franchise Bundle,"R$ 239,50","R$ 71,85","R$ 71,85",Ubisoft Entertainment,16+
Langrisser I and II,"R$ 207,90","R$ 124,74","R$ 124,74","NIS America, Inc.",12+
The Crew® 2,"R$ 179,90","R$ 44,97","R$ 44,97",Ubisoft Entertainment,12+
ONE PUNCH MAN: A HERO NOBODY KNOWS Edição Deluxe,"R$ 332,90","R$ 133,16","R$ 133,16",BANDAI NAMCO Entertainment America Inc.,12+
MX Nitro: Unleashed,"R$ 41,50","R$ 10,37","R$ 10,37",MAD DOG GAMES LLC,10+
Ganbare! Super Strikers,"R$ 53,90","R$ 24,90","R$ 24,90",RATALAIKA GAMES SL,6+
KATANA KAMI: A Way of the Samurai Story,"R$ 124,90","R$ 62,45","R$ 62,45","SPIKE CHUNSOFT, INC.",18+
"Warhammer 40,000: Inquisitor - Martyr Complete Collection","R$ 374,90","R$ 74,98","R$ 56,23",NACON SA,18+
"Warhammer 40,000: Inquisitor - Martyr Complete Upgrade Pack","R$ 214,90","R$ 42,98","R$ 32,23",NACON SA,18+
Knightin’+,"R$ 31,90","R$ 14,94","R$ 14,94",RATALAIKA GAMES SL,6+
Spaceland,"R$ 104,90","R$ 41,75","R$ 26,22",ELLADA GAMES,10+
Azur Lane: Crosswave,"R$ 207,90","R$ 83,16","R$ 83,16",Idea Factory International,12+
AO Tennis 2,"R$ 249,90","R$ 74,97","R$ 74,96",NACON SA,6+
Pawarumi,"R$ 79,90","R$ 47,94","R$ 40,62",-,6+
Reed Remastered,"R$ 26,90","R$ 11,94","R$ 11,94",RATALAIKA GAMES SL,6+
Patapon 2 Remastered,"R$ 62,50","R$ 31,25","R$ 31,25",Sony Interactive Entertainment,6+
Journey to the Savage Planet,"R$ 130,90","R$ 65,45","R$ 65,45",505 Games,16+
Rugby 20,"R$ 207,90","R$ 83,16","R$ 62,37",NACON SA,6+
CHUBBY PIXEL MEGA BUNDLE,"R$ 159,90","R$ 91,90","R$ 87,94",-,16+
FoxyLand 2,"R$ 31,90","R$ 14,35","R$ 14,35",RATALAIKA GAMES SL,6+
DRAGON BALL Z: KAKAROT - Edição de Luxo,"R$ 349,90","R$ 174,95","R$ 174,95",BANDAI NAMCO Entertainment America Inc.,12+
Graveyard Keeper Collector’s Edition,"R$ 159,90","R$ 37,47","R$ 37,47",TINYBUILD LLC,14+
Super Korotama,"R$ 26,90","R$ 10,76","R$ 9,95",CATNESS GAME STUDIOS SL,6+
STEINS;GATE: My Darling’s Embrace,"R$ 124,90","R$ 62,45","R$ 62,45","SPIKE CHUNSOFT, INC.",12+
Pacote RV de Espire 1: VR Operative e Killing Floor: Incursion,"R$ 264,90","R$ 83,16","R$ 83,16",Tripwire Interactive,18+
Woodle Tree 2: Deluxe+,"R$ 39,90","R$ 13,96","R$ 13,96",-,6+
Farmer’s Dynasty,"R$ 164,90","R$ 49,47","R$ 41,22",NACON SA,0+
Fractured Minds,"R$ 7,90","R$ 3,95","R$ 3,95",WIRED PRODUCTIONS,10+
Bee Simulator,"R$ 199,50","R$ 59,85","R$ 59,85",NACON SA,6+
Need for Speed™ Heat Edição Deluxe,"R$ 278,99","R$ 69,74","R$ 69,74",Electronic Arts Inc ,12+
Just Cause 4: Reloaded,"R$ 164,90","R$ 41,22","R$ 41,22",SQUARE ENIX CO. LTD.,16+
Conception PLUS: Maidens of the Twelve Stars,"R$ 249,90","R$ 99,96","R$ 99,96","SPIKE CHUNSOFT, INC.",16+
Destiny Connect: Tick-Tock Travelers,"R$ 164,90","R$ 82,45","R$ 82,45","NIS America, Inc.",10+
Football Game,"R$ 26,90","R$ 10,76","R$ 10,76",RATALAIKA GAMES SL,14+
Dusk Diver,"R$ 164,90","R$ 72,45","R$ 72,45",PQUBE,12+
Vosaria: Lair of the Forgotten,"R$ 53,90","R$ 4,15","R$ 4,15",-,12+
MediEvil,"R$ 119,90","R$ 47,96","R$ 47,96",Sony Interactive Entertainment,12+
MediEvil - Digital Deluxe,"R$ 149,90","R$ 59,96","R$ 59,96",Sony Interactive Entertainment,12+
Cat Quest II,"R$ 62,50","R$ 37,50","R$ 37,50",PQUBE,6+
Raging Loop,"R$ 124,90","R$ 62,45","R$ 62,45",PQUBE,16+
WWE 2K20 Deluxe Edition,"R$ 449,50","R$ 74,78","R$ 74,78",2K,12+
The Jackbox Party Pack 6,"R$ 159,90","R$ 81,18","R$ 81,18",Jackbox Games,14+
Wands,"R$ 83,50","R$ 41,75","R$ 41,75",-,10+
Indivisible,"R$ 199,50","R$ 74,95","R$ 74,95",505 Games,12+
The Alliance Alive HD Remastered,"R$ 207,90","R$ 83,16","R$ 83,16","NIS America, Inc.",10+
Ghostbusters: The Video Game Remastered,"R$ 130,90","R$ 31,22","R$ 31,22",MAD DOG GAMES LLC,10+
YU-NO: A girl who chants love at the bound of this world.,"R$ 207,90","R$ 83,16","R$ 83,16","SPIKE CHUNSOFT, INC.",18+
Tropico 6,"R$ 249,90","R$ 104,95","R$ 104,95",Kalypso Media,10+
Niffelheim,"R$ 104,90","R$ 41,75","R$ 26,22",ELLADA GAMES,10+
AI: THE SOMNIUM FILES,"R$ 249,90","R$ 99,96","R$ 99,96","SPIKE CHUNSOFT, INC.",16+
Scheming Through The Zombie Apocalypse: The Beginning,"R$ 26,90","R$ 7,96","R$ 7,96",RATALAIKA GAMES SL,16+
Reel Fishing: Road Trip Adventure,"R$ 149,50","R$ 52,32","R$ 52,32","Natsume, Inc.",6+
DISTRAINT: Deluxe Edition,"R$ 31,90","R$ 11,16","R$ 11,16",RATALAIKA GAMES SL,16+
Utawarerumono: ZAN,"R$ 249,90","R$ 82,46","R$ 82,46","NIS America, Inc.",12+
WRC 8 Deluxe Edition FIA World Rally Championship,"R$ 249,99","R$ 62,49","R$ 49,99",NACON SA,0+
Shalnor Legends: Sacred Lands,"R$ 53,90","R$ 4,15","R$ 4,15",-,10+
FIA European Truck Racing Championship,"R$ 299,90","R$ 74,97","R$ 74,97",NACON SA,0+
Blindfold A Vérité VR Experience,"R$ 10,90","R$ 3,95","R$ 3,95",Digerati,14+
Control,"R$ 299,90","R$ 82,46","R$ 82,46",505 Games,16+
CRYSTAR,"R$ 249,90","R$ 84,96","R$ 84,96","SPIKE CHUNSOFT, INC.",12+
ONINAKI,"R$ 207,90","R$ 103,95","R$ 103,95",SQUARE ENIX CO. LTD.,12+
Mekabolt,"R$ 26,90","R$ 7,96","R$ 7,96",RATALAIKA GAMES SL,6+
RAD,"R$ 104,90","R$ 26,22","R$ 26,22",BANDAI NAMCO Entertainment America Inc.,10+
Train Sim World® 2020 Deluxe Edition,"R$ 264,90","R$ 92,71","R$ 92,71",RAIL SIMULATOR.COM LTD,6+
Edna and Harvey: Harvey’s New Eyes,"R$ 83,50","R$ 8,35","R$ 8,35",DAEDALIC ENTERTAINMENT,10+
Sagebrush,"R$ 31,90","R$ 9,96","R$ 9,96",RATALAIKA GAMES SL,14+
The Savior’s Gang - Blessed Edition,"R$ 37,50","R$ 16,81","R$ 13,86",CATNESS GAME STUDIOS SL,16+
Super Wiloo Demake,"R$ 26,90","R$ 7,96","R$ 7,96",RATALAIKA GAMES SL,6+
DOOM (1993),"R$ 19,90","R$ 9,95","R$ 9,95",Bethesda Softworks,16+
DOOM 3,"R$ 41,50","R$ 20,75","R$ 20,75",Bethesda Softworks,18+
DOOM II (Classic),"R$ 19,90","R$ 9,95","R$ 9,95",Bethesda Softworks,16+
Wolfenstein: Cyberpilot ,"R$ 104,90","R$ 28,47","R$ 28,47",Bethesda Softworks,14+
Woodle Tree Adventures Deluxe,"R$ 26,90","R$ 9,41","R$ 8,07",-,6+
Date A Live: Rio Reincarnation,"R$ 164,90","R$ 65,96","R$ 65,96",Idea Factory International,18+
Mochi Mochi Boy,"R$ 26,90","R$ 7,96","R$ 7,96",RATALAIKA GAMES SL,6+
DRAGON QUEST BUILDERS 2,"R$ 299,90","R$ 124,95","R$ 124,95",SQUARE ENIX CO. LTD.,12+
DRAGON QUEST BUILDERS 2 Digital Deluxe Edition,"R$ 399,50","R$ 166,45","R$ 166,45",SQUARE ENIX CO. LTD.,12+
Tour de France 2019,"R$ 189,99","R$ 28,49","R$ 28,49",NACON SA,6+
Graveyard Keeper,"R$ 104,90","R$ 25,05","R$ 25,05",TINYBUILD LLC,14+
Attack of the Toy Tanks,"R$ 26,90","R$ 9,95","R$ 9,95",RATALAIKA GAMES SL,10+
Super Neptunia RPG,"R$ 164,90","R$ 57,71","R$ 57,71",Idea Factory International,12+
Kotodama: The 7 Mysteries of Fujisawa,"R$ 124,90","R$ 18,73","R$ 12,48",PQUBE,16+
Neon Junctions,"R$ 26,90","R$ 7,96","R$ 7,96",RATALAIKA GAMES SL,6+
Layers of Fear 2,"R$ 159,90","R$ 42,46","R$ 42,46","GUN MEDIA HOLDINGS, INC",18+
Tennis World Tour: Roland-Garros Edition,"R$ 274,50","R$ 54,90","R$ 41,17",NACON SA,6+
My Big Sister,"R$ 31,90","R$ 12,76","R$ 12,76",RATALAIKA GAMES SL,12+
Bird Game +,"R$ 26,90","R$ 7,96","R$ 7,96",RATALAIKA GAMES SL,6+
Black Paradox,"R$ 79,90","R$ 23,97","R$ 23,97",Digerati,6+
Space Hulk Bundle,"R$ 207,90","R$ 49,47","R$ 49,47",Focus Home Interactive,16+
Suicide Guy Bundle,"R$ 59,50","R$ 44,62","R$ 35,70",-,16+
Our World is Ended.,"R$ 249,90","R$ 72,76","R$ 62,37",PQUBE,14+
Immortal Legacy: The Jade Cipher,"R$ 83,50","R$ 41,75","R$ 41,75",Sony Interactive Entertainment,16+
World War Z,"R$ 164,90","R$ 37,47","R$ 31,22",MAD DOG GAMES LLC,18+
EARTH DEFENSE FORCE:IRON RAIN,"R$ 249,90","R$ 87,46","R$ 87,46",-,14+
Falcon Age,"R$ 104,90","R$ 52,45","R$ 52,45",-,6+
Zanki Zero: Last Beginning,"R$ 249,90","R$ 49,98","R$ 49,98","SPIKE CHUNSOFT, INC.",16+
GODS Remastered,"R$ 53,90","R$ 21,56","R$ 21,56",-,12+
Generation Zero®,"R$ 124,90","R$ 56,20","R$ 56,20",Systemic Reaction AB,12+
The Legend of Heroes: Trails of Cold Steel,"R$ 164,90","R$ 82,45","R$ 82,45",Marvelous USA (XSEED),14+
The Princess Guide,"R$ 199,50","R$ 99,75","R$ 99,75","NIS America, Inc.",14+
ONE PIECE World Seeker,"R$ 249,90","R$ 62,47","R$ 62,47",BANDAI NAMCO Entertainment America Inc.,12+
LEFT ALIVE™ DAY ONE EDITION,"R$ 229,90","R$ 57,47","R$ 57,47",SQUARE ENIX CO. LTD.,16+
Deponia Doomsday,"R$ 53,90","R$ 5,39","R$ 5,39",DAEDALIC ENTERTAINMENT,10+
Anthem™ Edição Standard,"R$ 209,90","R$ 37,78","R$ 37,78",Electronic Arts Inc ,14+
STEINS;GATE ELITE,"R$ 249,90","R$ 99,96","R$ 99,96","SPIKE CHUNSOFT, INC.",16+
Far Cry New Dawn,"R$ 149,99","R$ 44,99","R$ 44,99",Ubisoft Entertainment,16+
Intruders: Hide and Seek,"R$ 83,50","R$ 8,35","R$ 8,35",DAEDALIC ENTERTAINMENT,14+
Alvastia Chronicles,"R$ 62,50","R$ 31,25","R$ 31,25",KEMCO,6+
Pro Fishing Simulator,"R$ 199,50","R$ 59,85","R$ 59,85",NACON SA,0+
Spike Volleyball,"R$ 155,99","R$ 38,99","R$ 38,99",NACON SA,6+
Song Of Memories,"R$ 164,90","R$ 41,22","R$ 41,22",PQUBE,14+
Genesis Alpha One,"R$ 107,50","R$ 36,55","R$ 36,55",Team17 Digital Ltd.,16+
RUSH VR,"R$ 133,90","R$ 30,76","R$ 26,91",-,6+
Party Crashers and Party Golf,"R$ 128,90","R$ 12,89","R$ 6,44",-,6+
Suicide Guy: Sleepin’ Deeply,"R$ 31,90","R$ 7,97","R$ 6,38",-,12+
Fishing Sim World: Pro Tour + Quad Lake Pass,"R$ 214,50","R$ 85,80","R$ 85,80",RAIL SIMULATOR.COM LTD,6+
Warhammer: Vermintide 2,"R$ 124,90","R$ 31,22","R$ 31,22",Fatshark AB,16+
Warhammer: Vermintide 2 - Edição Premium ,"R$ 186,90","R$ 46,72","R$ 46,72",Fatshark AB,16+
EARTH DEFENSE FORCE 5,"R$ 249,90","R$ 124,95","R$ 124,95",-,16+
My Little Riding Champion,"R$ 149,50","R$ 37,37","R$ 37,37",NACON SA,6+
Batman: Arkham Collection,"R$ 249,90","R$ 62,47","R$ 62,47",Warner Bros. Interactive,14+
I Am The Hero,"R$ 53,90","R$ 16,60","R$ 16,60",RATALAIKA GAMES SL,14+
Déraciné,"R$ 79,99","R$ 26,39","R$ 26,39",Sony Interactive Entertainment,12+
THE FOREST,"R$ 104,90","R$ 30,75","R$ 30,74",ENDNIGHT GAMES LIMITED,18+
Call of Cthulhu®,"R$ 164,90","R$ 37,47","R$ 37,47",Focus Home Interactive,16+
For Honor® Marching Fire™ Edition,"R$ 207,90","R$ 51,97","R$ 51,97",Ubisoft Entertainment,16+
The Jackbox Party Pack 5,"R$ 159,90","R$ 74,94","R$ 68,69",Jackbox Games,14+
The Surge - Augmented Edition,"R$ 164,90","R$ 31,22","R$ 31,22",Focus Home Interactive,16+
Mark of the Ninja: Remastered,"R$ 104,90","R$ 37,57","R$ 37,57",Klei Entertainment Inc.,14+
Space Hulk: Tactics,"R$ 149,50","R$ 31,22","R$ 31,22",Focus Home Interactive,14+
Assassin’s Creed® Odyssey Deluxe Edition,"R$ 229,99","R$ 57,49","R$ 57,49",Ubisoft Entertainment,18+
Party Crashers,"R$ 79,90","R$ 7,99","R$ 3,99",-,6+
Assassin’s Creed® Odyssey Ultimate Edition,"R$ 299,99","R$ 74,99","R$ 74,99",Ubisoft Entertainment,18+
Valthirian Arc: Hero School Story,"R$ 62,50","R$ 12,50","R$ 12,50",PQUBE,10+
Fishing Sim World®: Pro Tour Deluxe Edition,"R$ 124,50","R$ 41,56","R$ 41,56",RAIL SIMULATOR.COM LTD,6+
Jack N’ Jill DX,"R$ 26,90","R$ 7,96","R$ 7,96",RATALAIKA GAMES SL,6+
METAL MAX Xeno,"R$ 164,90","R$ 41,22","R$ 41,22","NIS America, Inc.",14+
Punch Line,"R$ 207,90","R$ 39,57","R$ 39,57",PQUBE,14+
This Is the Police 2,"R$ 149,50","R$ 37,37","R$ 37,37",THQ Nordic,16+
Labyrinth of Refrain: Coven of Dusk,"R$ 207,90","R$ 83,16","R$ 83,16","NIS America, Inc.",18+
V-Rally 4,"R$ 249,90","R$ 29,98","R$ 29,98",NACON SA,6+
V-Rally 4 Ultimate Edition ,"R$ 299,90","R$ 59,98","R$ 44,98",NACON SA,6+
SNK HEROINES Tag Team Frenzy,"R$ 207,90","R$ 124,74","R$ 124,74","NIS America, Inc.",12+
428: Shibuya Scramble,"R$ 207,90","R$ 41,58","R$ 41,58","SPIKE CHUNSOFT, INC.",14+
Moonfall Ultimate,"R$ 64,50","R$ 16,12","R$ 16,12",Wales Interactive,10+
PLANET ALPHA,"R$ 104,90","R$ 24,60","R$ 24,60",Team17 Digital Ltd.,12+
Fernz Gate,"R$ 79,90","R$ 31,25","R$ 31,25",KEMCO,10+
Fire Pro Wrestling World,"R$ 207,90","R$ 62,37","R$ 62,37","SPIKE CHUNSOFT, INC.",12+
Fire Pro Wrestling World Deluxe Edition,"R$ 373,90","R$ 112,17","R$ 112,17","SPIKE CHUNSOFT, INC.",12+
Terra-média™: Sombras da Guerra™ Edição Definitiva,"R$ 261,90","R$ 39,99","R$ 39,99",Warner Bros. Interactive,16+
"Warhammer 40,000: Inquisitor - Martyr | Imperium edition","R$ 274,50","R$ 45,98","R$ 41,17",NACON SA,18+
Track Lab,"R$ 79,90","R$ 31,96","R$ 31,96",Sony Interactive Entertainment,12+
Dead Cells,"R$ 103,90","R$ 51,95","R$ 51,95",MOTION TWIN SARL,14+
Chasm,"R$ 61,50","R$ 21,52","R$ 21,52",-,10+
Super Destronaut DX,"R$ 26,90","R$ 7,96","R$ 7,96",RATALAIKA GAMES SL,6+
MXGP PRO,"R$ 207,90","R$ 27,37","R$ 27,37",Milestone,6+
Tour de France 2018,"R$ 104,90","R$ 20,98","R$ 20,98",Focus Home Interactive,6+
THE KING OF FIGHTERS™ COLLECTION: THE OROCHI SAGA,"R$ 62,50","R$ 15,62","R$ 15,62",SNK CORPORATION,0+
LEGO® Os Incríveis,"R$ 199,99","R$ 39,99","R$ 39,99",Warner Bros. Interactive,6+
Shadow Tactics: Game+Theme,"R$ 249,50","R$ 24,95","R$ 24,95",DAEDALIC ENTERTAINMENT,14+
Shaq-Fu: A Legend Reborn,"R$ 83,50","R$ 20,87","R$ 20,87",MAD DOG GAMES LLC,12+
Vampyr,"R$ 219,90","R$ 43,98",Free,Focus Home Interactive,18+
Yoku’s Island Express,"R$ 99,50","R$ 24,87","R$ 24,87",Team17 Digital Ltd.,10+
PixelJunk™ Monsters 2,"R$ 79,90","R$ 11,98","R$ 11,98","SPIKE CHUNSOFT, INC.",10+
PixelJunk™ Monsters 2 Deluxe Edition,"R$ 116,90","R$ 17,53","R$ 17,53","SPIKE CHUNSOFT, INC.",10+
Euro Fishing: Ultimate Edition,"R$ 239,90","R$ 71,97","R$ 71,97",RAIL SIMULATOR.COM LTD,6+
Space Hulk: Deathwing - Enhanced Edition,"R$ 179,90","R$ 35,98","R$ 35,98",Focus Home Interactive,16+
Tennis World Tour,"R$ 299,90","R$ 29,99","R$ 29,99",NACON SA,6+
Tennis World Tour - Legends Edition,"R$ 374,50","R$ 37,45","R$ 37,45",NACON SA,6+
Call of Duty®: WWII - Edição Ouro,"R$ 319,90","R$ 82,46","R$ 82,46",Activision,18+
InkSplosion,"R$ 26,90","R$ 5,97","R$ 5,97",RATALAIKA GAMES SL,6+
Raging Justice,"R$ 62,50","R$ 11,47","R$ 11,47",Team17 Digital Ltd.,12+
Devious Dungeon,"R$ 42,90","R$ 11,72","R$ 11,72",RATALAIKA GAMES SL,14+
Assetto Corsa Ultimate Edition,"R$ 159,99","R$ 39,99","R$ 31,99",505 Games,6+
Rick and Morty: Virtual Rick-ality,"R$ 104,50","R$ 41,80","R$ 41,80",Adult Swim,18+
THE KING OF FIGHTERS ’97 GLOBAL MATCH,"R$ 62,50","R$ 12,50","R$ 12,50",SNK CORPORATION,6+
THE KING OF FIGHTERS™ ’98 ULTIMATE MATCH,"R$ 62,50","R$ 15,62","R$ 15,62",SNK CORPORATION,14+
Warhammer Vermintide - The Ultimate Edition,"R$ 264,90","R$ 52,98","R$ 52,98",Fatshark AB,16+
Euro Fishing: Castle Edition,"R$ 133,90","R$ 31,17","R$ 31,17",RAIL SIMULATOR.COM LTD,6+
The 25th Ward: The Silver Case,"R$ 149,50","R$ 37,47","R$ 37,47","NIS America, Inc.",18+
The Raven Remastered,"R$ 119,90","R$ 23,98","R$ 23,98",THQ Nordic,14+
TT Isle of Man: Ride on the Edge,"R$ 249,90","R$ 37,48","R$ 37,48",NACON SA,6+
Midnight Deluxe,"R$ 26,90","R$ 7,96","R$ 7,96",RATALAIKA GAMES SL,6+
SWORD ART ONLINE: FATAL BULLET,"R$ 159,90","R$ 39,97","R$ 39,97",BANDAI NAMCO Entertainment America Inc.,12+
Suicide Guy,"R$ 42,90","R$ 12,87","R$ 8,58",-,16+
Bleed Complete Bundle,"R$ 149,50","R$ 22,42","R$ 22,42",Digerati,16+
Premium Pool Arena,"R$ 41,50","R$ 8,30","R$ 8,30",NACON SA,6+
Dragon Sinker,"R$ 79,90","R$ 18,75","R$ 18,75",KEMCO,10+
Marooners,"R$ 53,90","R$ 5,39","R$ 5,39",M2H,6+
SHADOW OF THE COLOSSUS,"R$ 71,50","R$ 35,75","R$ 35,75",Sony Interactive Entertainment,12+
Railway Empire,"R$ 164,90","R$ 49,47","R$ 49,47",Kalypso Media,6+
LOST SPHEAR,"R$ 159,99","R$ 63,99","R$ 63,99",SQUARE ENIX CO. LTD.,12+
Digimon Story: Cyber Sleuth - Hacker’s Memory,"R$ 249,90","R$ 62,47","R$ 62,47",BANDAI NAMCO Entertainment America Inc.,6+
One More Dungeon,"R$ 42,90","R$ 10,72","R$ 10,72",RATALAIKA GAMES SL,10+
LocoRoco™ 2 Remastered,"R$ 45,90","R$ 22,95","R$ 22,95",Sony Interactive Entertainment,6+
Chaos on Deponia,"R$ 53,90","R$ 5,39","R$ 5,39",DAEDALIC ENTERTAINMENT,12+
Pinball FX2 VR,"R$ 79,90","R$ 25,00","R$ 25,00",Zen Studios,12+
Tumble VR,"R$ 53,90","R$ 20,75","R$ 20,75",Sony Interactive Entertainment,12+
Jak 3,"R$ 45,90","R$ 22,95","R$ 22,95",Sony Interactive Entertainment,12+
Jak II,"R$ 45,90","R$ 22,95","R$ 22,95",Sony Interactive Entertainment,12+
Jak X: Combat Racing,"R$ 45,90","R$ 22,95","R$ 22,95",Sony Interactive Entertainment,14+
Outcast - Second Contact,"R$ 199,50","R$ 19,95","R$ 19,95",NACON SA,12+
The Sims™ 4,"R$ 158,99","R$ 39,74","R$ 39,74",Electronic Arts Inc ,12+
Agents of Mayhem - Total Mayhem Bundle,"R$ 149,50","R$ 24,98","R$ 24,98",Deep Silver,18+
Cat Quest,"R$ 53,90","R$ 10,78","R$ 10,78",PQUBE,10+
Need for Speed™ Payback,"R$ 118,99","R$ 29,74",Free,Electronic Arts Inc ,10+
Wheel of Fortune®,"R$ 83,50","R$ 33,40","R$ 33,40",Ubisoft Entertainment,6+
.hack//G.U. Last Recode,"R$ 199,90","R$ 39,98","R$ 39,98",BANDAI NAMCO Entertainment America Inc.,12+
Stifled,"R$ 104,90","R$ 20,87","R$ 20,87",Sony Interactive Entertainment,12+
AER - Memories of Old,"R$ 62,50","R$ 10,00","R$ 10,00",DAEDALIC ENTERTAINMENT,6+
Cyberdimension Neptunia: 4 Goddesses Online,"R$ 149,50","R$ 49,96","R$ 49,96",Idea Factory International,12+
ChaosChild,"R$ 144,90","R$ 28,98","R$ 28,98",PQUBE,18+
Rogue Trooper Redux,"R$ 124,50","R$ 24,90","R$ 24,90",Rebellion,6+
The Jackbox Party Pack 4,"R$ 133,90","R$ 46,14","R$ 46,14",Jackbox Games,12+
theHunter: Call of the Wild,"R$ 149,50","R$ 52,32","R$ 42,46",Expansive Worlds AB,12+
SAMURAI SHODOWN V SPECIAL,"R$ 62,50","R$ 12,50","R$ 12,50",SNK CORPORATION,6+
Antiquia Lost,"R$ 62,50","R$ 31,25","R$ 31,25",KEMCO,10+
Last Day of June,"R$ 83,50","R$ 25,05","R$ 25,05",505 Games,10+
ART OF FIGHTING ANTHOLOGY,"R$ 62,50","R$ 15,62","R$ 15,62",SNK CORPORATION,12+
Call of Duty®: Black Ops III - Edição Zombies Chronicles,"R$ 319,90","R$ 82,46","R$ 82,46",Activision,18+
Red Faction II,"R$ 79,90","R$ 19,97","R$ 19,97",THQ Nordic,18+
White Day: A Labyrinth Named School,"R$ 124,90","R$ 18,73","R$ 18,73",PQUBE,14+
Windjammers,"R$ 62,50","R$ 25,00","R$ 25,00",DOTEMU,6+
Duck Game,"R$ 69,90","R$ 20,48","R$ 20,48",Adult Swim,10+
Jak and Daxter: The Precursor Legacy™,"R$ 59,50","R$ 22,95","R$ 22,95",Sony Interactive Entertainment,6+
UNCHARTED: The Lost Legacy,"R$ 79,90","R$ 39,95","R$ 39,95",Sony Interactive Entertainment,14+
Sudden Strike 4,"R$ 124,90","R$ 33,72","R$ 33,72",Kalypso Media,14+
Hunting Simulator,"R$ 199,50","R$ 29,92","R$ 29,92",NACON SA,12+
Patapon™ Remastered,"R$ 45,90","R$ 21,57","R$ 21,57",Sony Interactive Entertainment,6+
Titanfall™ 2: Edição Ultimate,"R$ 118,99","R$ 17,84","R$ 17,84",Electronic Arts Inc ,16+
Aven Colony,"R$ 149,50","R$ 44,85","R$ 44,85",Team17 Digital Ltd.,10+
Constructor,"R$ 199,50","R$ 39,90","R$ 39,90",Deep Silver,14+
Infinite Minigolf,"R$ 79,90","R$ 19,97","R$ 19,97",Zen Studios,6+
Euro Fishing: Urban Edition,"R$ 133,90","R$ 31,17","R$ 31,17",RAIL SIMULATOR.COM LTD,6+
SpeedRunners,"R$ 41,50","R$ 10,37","R$ 10,37",TINYBUILD LLC,10+
SpeedRunners Deluxe Bundle,"R$ 89,90","R$ 21,27","R$ 21,27",TINYBUILD LLC,10+
Elite Dangerous,"R$ 149,50","R$ 44,85","R$ 43,71",FRONTIER DEVELOPMENTS PLC,10+
WipEout Omega Collection,"R$ 79,90","R$ 39,95","R$ 39,95",Sony Interactive Entertainment,0+
Portal Knights,"R$ 99,50","R$ 33,40","R$ 33,40",505 Games,10+
Friday the 13th: The Game,"R$ 83,50","R$ 20,87","R$ 20,87","GUN MEDIA HOLDINGS, INC",18+
Dreamfall Chapters,"R$ 104,90","R$ 33,40","R$ 33,40",Deep Silver,16+
LocoRoco™ Remastered,"R$ 45,90","R$ 22,95","R$ 22,95",Sony Interactive Entertainment,6+
Little Nightmares,"R$ 80,00","R$ 16,00","R$ 16,00",BANDAI NAMCO Entertainment America Inc.,14+
DRAGON QUEST HEROES II™ Edição do Explorador,"R$ 249,99","R$ 124,99","R$ 124,99",SQUARE ENIX CO. LTD.,10+
The Silver Case,"R$ 99,50","R$ 20,87","R$ 20,87","NIS America, Inc.",16+
Wonder Boy: The Dragon’s Trap,"R$ 104,90","R$ 33,40","R$ 33,40",DOTEMU,10+
Bulletstorm: Full Clip Edition,"R$ 199,50","R$ 29,92","R$ 29,92",GEARBOX,18+
PaRappa The Rapper™ Remastered,"R$ 45,90","R$ 21,57","R$ 21,57",Sony Interactive Entertainment,6+
Vikings - Wolves of Midgard,"R$ 199,50","R$ 39,90","R$ 39,90",Kalypso Media,16+
FATAL FURY™ BATTLE ARCHIVES VOL.2,"R$ 62,50","R$ 15,62","R$ 15,62",SNK CORPORATION,12+
This is the Police,"R$ 104,90","R$ 20,87","R$ 20,87",THQ Nordic,16+
Touhou Genso Wanderer,"R$ 149,50","R$ 41,21","R$ 37,46","NIS America, Inc.",14+
2Dark,"R$ 124,90","R$ 24,98","R$ 24,97",NACON SA,18+
Ys Origin,"R$ 83,50","R$ 33,40","R$ 33,40",DOTEMU,12+
ADK DAMASHII™,"R$ 62,50","R$ 15,62","R$ 15,62",SNK CORPORATION,12+
Vertical Drop Heroes HD,"R$ 53,90","R$ 13,47","R$ 13,47",Digerati,3+
Knee Deep,"R$ 79,90","R$ 19,97","R$ 19,97",Wales Interactive,12+
MXGP2 - The Official Motocross Videogame Compact,"R$ 53,90","R$ 8,08","R$ 8,08",Milestone,6+
Assassin’s Creed® The Ezio Collection,"R$ 119,99","R$ 35,99","R$ 35,99",Ubisoft Entertainment,16+
FU’UN SUPER COMBO™,"R$ 62,50","R$ 15,62","R$ 15,62",SNK CORPORATION,12+
The Escapists: Supermax Edition,"R$ 133,90","R$ 19,22","R$ 19,22",Team17 Digital Ltd.,12+
Overcooked Holiday Bundle,"R$ 83,50","R$ 24,60","R$ 24,60",Team17 Digital Ltd.,6+
Red Faction,"R$ 79,90","R$ 19,97","R$ 19,97",THQ Nordic,16+
The Last Guardian,"R$ 79,90","R$ 31,96","R$ 31,96",Sony Interactive Entertainment,12+
GAROU: MARK OF THE WOLVES™,"R$ 62,50","R$ 15,62","R$ 15,62",SNK CORPORATION,12+
Mother Russia Bleeds,"R$ 74,50","R$ 14,90","R$ 14,90",Devolver Digital,18+
Destroy All Humans! 2 (2006),"R$ 104,90","R$ 15,73","R$ 12,52",THQ Nordic,14+
Steins;Gate 0,"R$ 144,90","R$ 28,98","R$ 28,98",PQUBE,14+
SAMURAI SHODOWN VI™,"R$ 62,50","R$ 9,37","R$ 9,37",SNK CORPORATION,12+
DRAGON QUEST BUILDERS,"R$ 299,90","R$ 124,95","R$ 124,95",SQUARE ENIX CO. LTD.,10+
WATCH DOGS 2,"R$ 199,00","R$ 39,80","R$ 39,80",Ubisoft Entertainment,18+
Handball 17,"R$ 207,90","R$ 24,94","R$ 24,94",NACON SA,6+
Call of Duty®: Infinite Warfare - Digital Deluxe,"R$ 383,90","R$ 126,68","R$ 115,16",Activision,16+
Call of Duty®: Infinite Warfare - Legacy Edition,"R$ 299,90","R$ 98,96","R$ 89,96",Activision,16+
Pacote Hasbro Diversão para a Família – Edição Super,"R$ 249,90","R$ 62,47","R$ 62,47",Ubisoft Entertainment,6+
Team17 Trophy Hunters Pack,"R$ 374,90","R$ 37,49","R$ 37,49",Team17 Digital Ltd.,18+
Destroy All Humans! (2005),"R$ 104,90","R$ 20,87","R$ 12,52",THQ Nordic,14+
Team17 Indie Collection,"R$ 429,90","R$ 83,22","R$ 83,22",Team17 Digital Ltd.,18+
Team17 Indie Heroes,"R$ 229,90","R$ 22,99","R$ 22,99",Team17 Digital Ltd.,18+
Solitaire,"R$ 41,50","R$ 6,22","R$ 6,22",NACON SA,6+
Hustle Kings VR,"R$ 79,99","R$ 31,99","R$ 31,99",Sony Interactive Entertainment,6+
Call of Duty®: Modern Warfare® Remastered,"R$ 193,50","R$ 59,96","R$ 59,96",Activision,18+
Tropico 5 - Complete Collection,"R$ 174,50","R$ 43,47","R$ 43,47",Kalypso Media,10+
Warhammer: End Times - Vermintide,"R$ 171,90","R$ 25,78","R$ 25,78",Fatshark AB,16+
Air Conflicts: Double Pack,"R$ 199,50","R$ 29,92","R$ 29,92",Kalypso Media,12+
Virginia,"R$ 53,90","R$ 10,78","R$ 10,78",505 Games,16+
Dead Rising,"R$ 149,99","R$ 37,49","R$ 37,49","Capcom U.S.A., Inc.",18+
Dead Rising 2,"R$ 149,99","R$ 37,49","R$ 37,49","Capcom U.S.A., Inc.",18+
Mahjong,"R$ 41,50","R$ 6,22","R$ 6,22",NACON SA,6+
Verdun,"R$ 104,90","R$ 33,40","R$ 33,40",M2H,18+
INSIDE,"R$ 83,50","R$ 19,20","R$ 19,20",Playdead ApS,18+
The King of Fighters XIV,"R$ 164,90","R$ 57,71","R$ 57,71","SEGA of America, Inc.",12+
Gal*Gun: Double Peace,"R$ 124,90","R$ 24,98","R$ 24,98",PQUBE,16+
I Am Setsuna,"R$ 164,90","R$ 82,45","R$ 82,45",SQUARE ENIX CO. LTD.,12+
ADR1FT,"R$ 99,50","R$ 20,87","R$ 20,87",505 Games,12+
LEGO® Star Wars™: The Force Awakens,"R$ 79,99","R$ 31,99","R$ 31,99",Warner Bros. Interactive,6+
Mighty No. 9,"R$ 99,90","R$ 19,98","R$ 19,98",Deep Silver,10+
PAC-MAN 256,"R$ 26,90","R$ 7,96","R$ 7,96",BANDAI NAMCO Entertainment America Inc.,6+
Conjunto SMITE Pacote Supremo de Deuses,"R$ 159,90","R$ 52,76","R$ 52,76",HI-REZ STUDIOS,12+
DUCATI - 90th Anniversary,"R$ 41,50","R$ 6,22","R$ 6,22",Milestone,6+
Fenix Furia,"R$ 79,90","R$ 25,00","R$ 18,75",Reverb Publishing,12+
Soul Axiom,"R$ 64,50","R$ 29,02","R$ 29,02",Wales Interactive,12+
THE LAST BLADE 2,"R$ 62,50","R$ 12,50","R$ 12,50",SNK CORPORATION,12+
Homefront®: The Revolution ’Freedom Fighter’ Bundle,"R$ 199,50","R$ 32,98","R$ 32,98",Deep Silver,18+
Coffin Dodgers,"R$ 49,90","R$ 12,47","R$ 12,47",Wales Interactive,12+
THE KING OF FIGHTERS 2000,"R$ 41,50","R$ 8,30","R$ 8,30",SNK CORPORATION,12+
Battle Worlds: Kronos,"R$ 83,50","R$ 20,87","R$ 20,87",THQ Nordic,10+
Pang Adventures,"R$ 53,90","R$ 16,60","R$ 16,60",DOTEMU,6+
BUNDLE FAR CRY 4 + FAR CRY PRIMAL,"R$ 249,50","R$ 83,16","R$ 83,16",Ubisoft Entertainment,18+
Day of the Tentacle Remastered,"R$ 79,90","R$ 11,98","R$ 11,98",Double Fine Productions,0+
Tetraminos,"R$ 41,50","R$ 10,37","R$ 10,37",NACON SA,6+
Tom Clancy’s The Division™ Gold Edition,"R$ 204,50","R$ 42,47","R$ 42,47",Ubisoft Entertainment,16+
Plants vs. Zombies™ Garden Warfare 2: Edição Deluxe,"R$ 103,90","R$ 20,78","R$ 20,78",Electronic Arts Inc ,10+
Unravel,"R$ 104,90","R$ 12,30","R$ 12,30",Electronic Arts Inc ,6+
Gravity Rush™ Remastered,"R$ 99,99","R$ 32,99","R$ 32,99",Sony Interactive Entertainment,14+
Megadimension Neptunia VII,"R$ 99,50","R$ 16,70","R$ 16,70",Idea Factory International,12+
LEGO® Marvel’s Avengers,"R$ 179,99","R$ 53,99","R$ 53,99",Warner Bros. Interactive,10+
Trine Trilogy,"R$ 159,90","R$ 31,22","R$ 31,22",Frozenbyte,10+
PaRappa The Rapper 2™,"R$ 30,90","R$ 15,45","R$ 15,45",Sony Interactive Entertainment,6+
STAR WARS™  Battlefront™ Ultimate Edition,"R$ 78,99","R$ 19,74","R$ 19,74",Electronic Arts Inc ,12+
Sword Art Online: Lost Song,"R$ 299,90","R$ 34,48","R$ 34,48",BANDAI NAMCO Entertainment America Inc.,14+
Fallout 4,"R$ 124,90","R$ 37,47","R$ 37,47",Bethesda Softworks,18+
Need for Speed™,"R$ 129,90","R$ 32,47","R$ 32,47",Electronic Arts Inc ,10+
Assassin’s Creed® Syndicate,"R$ 124,90","R$ 37,47","R$ 37,47",Ubisoft Entertainment,16+
DRAGON QUEST HEROES: Digital Slime Edition,"R$ 214,50","R$ 89,45","R$ 89,45",SQUARE ENIX CO. LTD.,10+
DRAGON QUEST HEROES: The World Tree’s Woe and the Blight Below,"R$ 204,50","R$ 84,95","R$ 84,95",SQUARE ENIX CO. LTD.,10+
Grand Ages: Medieval,"R$ 164,90","R$ 16,49","R$ 16,49",Kalypso Media,16+
Journey™ Collector’s Edition,"R$ 83,99","R$ 20,15","R$ 20,15",Sony Interactive Entertainment,6+
The Book of Unwritten Tales 2,"R$ 83,50","R$ 12,52","R$ 12,52",THQ Nordic,10+
Overruled!,"R$ 79,90","R$ 15,62","R$ 15,62",Team17 Digital Ltd.,14+
Beyond Eyes,"R$ 79,90","R$ 15,98","R$ 15,98",Team17 Digital Ltd.,6+
Tearaway™ Unfolded,"R$ 244,50","R$ 50,97","R$ 50,97",Sony Interactive Entertainment,6+
Nova-111,"R$ 53,90","R$ 8,08","R$ 8,08",Curve Digital,6+
Legend of Kay Anniversary,"R$ 281,90","R$ 47,18","R$ 47,18",THQ Nordic,12+
The Swindle,"R$ 62,50","R$ 9,37","R$ 9,37",Curve Digital,10+
Hatoful Boyfriend,"R$ 53,90","R$ 8,30","R$ 8,30",Devolver Digital,10+
The Escapists,"R$ 83,50","R$ 15,37","R$ 15,37",Team17 Digital Ltd.,12+
The Last of Us: Left Behind Stand Alone,"R$ 41,50","R$ 20,75","R$ 20,75",Sony Interactive Entertainment,16+
Ultratron,"R$ 41,50","R$ 6,22","R$ 6,22",Curve Digital,6+
Project Root,"R$ 53,90","R$ 18,86","R$ 13,47",Reverb Publishing,12+
Infinity Runner,"R$ 29,50","R$ 7,37","R$ 7,37",Wales Interactive,12+
LA Cops,"R$ 79,90","R$ 16,06","R$ 16,06",Team17 Digital Ltd.,18+
Stealth Inc 2: A Game of Clones,"R$ 53,90","R$ 8,08","R$ 8,08",Curve Digital,12+
Zombie Army Trilogy,"R$ 342,90","R$ 34,29","R$ 34,29",Rebellion,16+
LIMBO,"R$ 41,50","R$ 9,54","R$ 9,54",Playdead ApS,14+
Dying Light,"R$ 79,99","R$ 51,99","R$ 51,99",Warner Bros. Interactive,16+
Grim Fandango Remastered,"R$ 79,90","R$ 15,98","R$ 15,98",Double Fine Productions,12+
Motorcycle Club,"R$ 203,90","R$ 30,58","R$ 20,38",NACON SA,6+
Saints Row: Gat Out of Hell,"R$ 45,99","R$ 9,19","R$ 9,19",Deep Silver,18+
Saints Row IV Re-Elected ,"R$ 66,99","R$ 13,39","R$ 13,39",Deep Silver,18+
The Order: 1886™,"R$ 99,99","R$ 24,99","R$ 24,99",Sony Interactive Entertainment,18+
Trine Enchanted Edition,"R$ 79,90","R$ 15,62","R$ 15,62",Frozenbyte,10+
Assassin’s Creed® Unity,"R$ 99,99","R$ 29,99","R$ 29,99",Ubisoft Entertainment,18+
LEGO® Batman™ 3: Além de Gotham Edição Luxo,"R$ 182,49","R$ 36,49","R$ 36,49",Warner Bros. Interactive,6+
MotoGP™14,"R$ 99,99","R$ 9,99","R$ 9,99",BANDAI NAMCO Entertainment America Inc.,6+
Call of Duty®: Advanced Warfare - Edição Digital Pro,"R$ 414,90","R$ 85,79","R$ 85,79",Activision,18+
Lone Survivor: The Director’s Cut,"R$ 53,90","R$ 8,08","R$ 8,08",Curve Digital,12+
Shadow Warrior,"R$ 124,90","R$ 24,98","R$ 24,98",Devolver Digital,18+
NAtURAL DOCtRINE,"R$ 64,50","R$ 12,90","R$ 12,90","NIS America, Inc.",16+
Defense Grid 2,"R$ 62,50","R$ 12,50","R$ 12,50",505 Games,10+
Metro: Last Light Redux,"R$ 104,90","R$ 15,73","R$ 15,73",Deep Silver,18+
Metro Redux,"R$ 99,99","R$ 19,99","R$ 19,99",Deep Silver,18+
Valiant Hearts: The Great War™,"R$ 62,50","R$ 8,12","R$ 8,12",Ubisoft Entertainment,10+
Titan Attacks!,"R$ 41,50","R$ 6,22","R$ 6,22",Curve Digital,6+
Pure Chess® Complete Bundle,"R$ 104,90","R$ 26,22","R$ 26,22",Ripstone LTD,3+
Stealth Inc: Ultimate Edition,"R$ 79,90","R$ 7,99","R$ 7,99",Curve Digital,12+
Battlefield 4™,"R$ 99,50","R$ 20,87","R$ 20,87",Electronic Arts Inc ,16+
Injustice: Gods Among Us Ultimate Edition,"R$ 83,50",Free,Free,Warner Bros. Interactive,12+
Trine 2: Complete Story,"R$ 104,90","R$ 20,87","R$ 20,87",Frozenbyte,10+
Need for Speed™ Hot Pursuit Remastered,"R$ 198,90","R$ 99,45","R$ 99,45",Electronic Arts Inc ,6+
Maid of Sker,"R$ 119,50","R$ 80,06","R$ 80,06",Wales Interactive,18+
Even the Ocean,"R$ 79,90","R$ 47,94","R$ 47,94",RATALAIKA GAMES SL,10+
Strawberry Vinegar,"R$ 53,90","R$ 29,05","R$ 29,05",RATALAIKA GAMES SL,10+
Guard Duty,"R$ 53,90","R$ 26,95","R$ 26,95",RATALAIKA GAMES SL,10+
Streets Of Rage 4,"R$ 103,90","R$ 67,53","R$ 67,53",DOTEMU,12+
Down the Rabbit Hole,"R$ 83,50","R$ 50,10","R$ 50,10",-,12+
Thy Sword,"R$ 53,90","R$ 26,95","R$ 26,95",RATALAIKA GAMES SL,10+
Tour de France 2020,"R$ 249,50","R$ 99,80","R$ 99,80",NACON SA,6+
Conjunto de Jogos LEGO®,"R$ 399,90","R$ 119,97","R$ 119,96",Warner Bros. Interactive,6+
Concept Destruction PS4 and PS5,"R$ 26,90","R$ 13,93","R$ 13,93",RATALAIKA GAMES SL,10+
White Day - Ultimate Horror Edition,"R$ 164,90","R$ 98,94","R$ 98,94",PQUBE,14+
The Suicide of Rachel Foster,"R$ 104,90","R$ 52,45","R$ 52,45",DAEDALIC ENTERTAINMENT,14+
The Sinking City: Necronomicon Edition,"R$ 399,90","R$ 72,47","R$ 72,47",NACON SA,18+
Radio Squid,"R$ 26,90","R$ 12,10","R$ 12,10",RATALAIKA GAMES SL,6+
Ultracore,"R$ 104,90","R$ 62,94","R$ 62,94",ININ Games,12+
A Summer with the Shiba Inu,"R$ 53,90","R$ 32,34","R$ 32,34",RATALAIKA GAMES SL,10+
Dungeons 3 - Complete Collection,"R$ 214,90","R$ 107,45","R$ 107,44",Kalypso Media,12+
Tomb Raider: Definitive Edition,"R$ 203,90","R$ 12,52","R$ 12,52",SQUARE ENIX CO. LTD.,16+
The Catch: Carp and Coarse Fishing,"R$ 133,90","R$ 60,25","R$ 60,25",RAIL SIMULATOR.COM LTD,6+
Clash Force,"R$ 26,90","R$ 16,14","R$ 16,14",RATALAIKA GAMES SL,6+
Danganronpa V3: Killing Harmony,"R$ 249,90","R$ 39,98","R$ 39,98","SPIKE CHUNSOFT, INC.",16+
Alphadia Genesis,"R$ 79,90","R$ 55,93","R$ 50,00",KEMCO,10+
Ultra Hat Dimension,"R$ 26,90","R$ 14,79","R$ 14,79",RATALAIKA GAMES SL,6+
Hunting Simulator 2 Bear Hunter Edition,"R$ 249,90","R$ 124,95","R$ 124,94",NACON SA,12+
Jupiter and Mars,"R$ 83,50","R$ 22,35","R$ 22,35",-,6+
Jisei: The First Case HD,"R$ 26,90","R$ 16,14","R$ 16,14",RATALAIKA GAMES SL,10+
Train Sim World® 2: Deluxe Edition,"R$ 207,90","R$ 93,55","R$ 93,55",RAIL SIMULATOR.COM LTD,6+
WW1 Game Series Bundle,"R$ 187,90","R$ 75,16","R$ 75,16",M2H,16+
Tannenberg,"R$ 104,90","R$ 52,45","R$ 52,45",M2H,18+
Nicole,"R$ 99,90","R$ 59,94","R$ 59,94",RATALAIKA GAMES SL,14+
UNRAILED!,"R$ 99,90","R$ 49,95","R$ 49,95",DAEDALIC ENTERTAINMENT,6+
Hellpoint,"R$ 187,90","R$ 103,34","R$ 103,34",TINYBUILD LLC,10+
Reflection Of Mine,"R$ 42,90","R$ 25,74","R$ 25,74",RATALAIKA GAMES SL,14+
pixelBOT EXTREME!,"R$ 53,90","R$ 37,73","R$ 37,73",FusionPlay,6+
RogueCube,"R$ 26,90","R$ 14,79","R$ 14,79",RATALAIKA GAMES SL,6+
The Sinking City,"R$ 299,90","R$ 57,47","R$ 57,47",NACON SA,18+
Prehistoric Dude,"R$ 26,90","R$ 14,79","R$ 14,79",RATALAIKA GAMES SL,6+
Is It Wrong to Try to Pick Up Girls in a Dungeon? Familia Myth Infinite Combate,"R$ 199,50","R$ 133,66","R$ 131,92",PQUBE,16+
Immortal Realms: Vampire Wars,"R$ 207,90","R$ 124,74","R$ 124,74",Kalypso Media,14+
Shing!,"R$ 104,90","R$ 52,45","R$ 26,22",Mass Creation,16+
Kerbal Space Program Enhanced Edition Complete,"R$ 319,90","R$ 143,95","R$ 143,95",Take-Two,6+
Deponia,"R$ 53,90","R$ 5,39","R$ 5,39",DAEDALIC ENTERTAINMENT,10+
Commandos 2 - HD Remaster,"R$ 99,50","R$ 59,70","R$ 59,69",Kalypso Media,14+
Praetorians - HD Remaster,"R$ 99,50","R$ 59,70","R$ 59,70",Kalypso Media,14+
Tamiku,"R$ 26,90","R$ 16,14","R$ 16,14",RATALAIKA GAMES SL,6+
Tennis World Tour 2 Ace Edition,"R$ 374,90","R$ 159,95","R$ 143,95",NACON SA,6+
Jet Set Knights,"R$ 53,90","R$ 32,34","R$ 32,34",RATALAIKA GAMES SL,6+
Tennis World Tour 2,"R$ 199,50","R$ 99,75","R$ 99,75",NACON SA,6+
The Catch: Carp and Coarse - Deluxe Edition,"R$ 159,90","R$ 63,96","R$ 63,96",RAIL SIMULATOR.COM LTD,6+
Liege Dragon,"R$ 79,90","R$ 55,93","R$ 55,93",KEMCO,6+
ROBOTICS;NOTES DaSH,"R$ 174,50","R$ 104,70","R$ 104,70","SPIKE CHUNSOFT, INC.",12+
ROBOTICS;NOTES DOUBLE PACK,"R$ 319,90","R$ 191,94","R$ 191,94","SPIKE CHUNSOFT, INC.",12+
ROBOTICS;NOTES ELITE,"R$ 174,50","R$ 104,70","R$ 104,70","SPIKE CHUNSOFT, INC.",12+
Torchlight III,"R$ 214,90","R$ 107,45","R$ 107,45",PERFECT WORLD ENTERTAINMENT INC.,14+
Two Parsecs from Earth,"R$ 42,90","R$ 27,88","R$ 27,88",RATALAIKA GAMES SL,6+
CrossKrush PS4 and PS5,"R$ 26,90","R$ 16,14","R$ 16,14",RATALAIKA GAMES SL,6+
NHL™ 21,"R$ 298,90","R$ 119,56","R$ 119,56",Electronic Arts Inc ,10+
Monster Truck Championship,"R$ 199,50","R$ 99,75","R$ 99,75",NACON SA,6+
Monster Truck Championship Rebel Hunter Edition,"R$ 264,90","R$ 132,45","R$ 132,45",NACON SA,6+
The Dark Pictures Anthology: Little Hope,"R$ 149,50","R$ 98,67","R$ 98,67",BANDAI NAMCO Entertainment America Inc.,16+
Umihara Kawase BaZooKa!,"R$ 149,50","R$ 89,70","R$ 89,70",United Games Entertainment GmbH,10+
Ord.,"R$ 26,90","R$ 17,48","R$ 17,48",RATALAIKA GAMES SL,10+
Dragon Lapis,"R$ 79,90","R$ 55,93","R$ 55,93",KEMCO,6+
Handball 21,"R$ 199,50","R$ 99,75","R$ 99,75",NACON SA,6+
Warhammer: Chaosbane Slayer Edition,"R$ 319,90","R$ 127,96","R$ 111,96",NACON SA,16+
Katamari Damacy REROLL,"R$ 149,50","R$ 98,67","R$ 98,67",BANDAI NAMCO Entertainment America Inc.,6+
Micetopia,"R$ 26,90","R$ 18,83","R$ 18,83",RATALAIKA GAMES SL,6+
Empire of Sin - Deluxe Edition,"R$ 264,90","R$ 185,43","R$ 185,43",Paradox Interactive,16+
Empire of Sin - Premium Edition,"R$ 374,90","R$ 262,43","R$ 262,43",Paradox Interactive,16+
Paw Paw Paw,"R$ 53,90","R$ 35,03","R$ 35,03",RATALAIKA GAMES SL,12+
Wildfire,"R$ 79,90","R$ 59,92","R$ 59,92",Humble Games,12+
PACOTE TRIPLO DA EA STAR WARS™,"R$ 499,00","R$ 249,50","R$ 249,50",Electronic Arts Inc ,14+
The Outer Worlds: Pacote Aprovado pela Diretoria,"R$ 441,90","R$ 331,42","R$ 331,42",Take-Two,16+
Re:ZERO -Starting Life in Another World- The Prophecy of the Throne,"R$ 299,90","R$ 239,92","R$ 239,92","SPIKE CHUNSOFT, INC.",12+
Autumn’s Journey,"R$ 26,90","R$ 18,83","R$ 18,83",RATALAIKA GAMES SL,10+
Shady Part of Me,"R$ 79,90","R$ 59,92","R$ 59,92",Focus Home Interactive,6+
Override 2: Super Mech League,"R$ 149,50","R$ 97,17","R$ 97,17",Modus Games LLC,10+
Edição de Luxo de Paladins,"R$ 319,90","R$ 214,33","R$ 214,33",HI-REZ STUDIOS,6+
Edição de Ouro de Paladins,"R$ 159,90","R$ 119,92","R$ 119,92",HI-REZ STUDIOS,6+
Edição Inicial de Paladins,"R$ 53,90","R$ 43,12","R$ 43,12",HI-REZ STUDIOS,6+
How to take off your Mask Remastered,"R$ 79,90","R$ 63,92","R$ 63,92",RATALAIKA GAMES SL,10+
Steamroll: Rustless Edition,"R$ 53,90","R$ 40,42","R$ 37,72",CATNESS GAME STUDIOS SL,6+
Gods Will Fall,"R$ 133,90","R$ 100,42","R$ 100,42",Deep Silver,12+
Tales from the Borderlands,"R$ 104,90","R$ 78,67","R$ 78,67",2K,16+
Mordheim: City of the Damned,"R$ 124,90","R$ 20,98","R$ 20,98",NACON SA,14+
FAR CRY 5 GOLD EDITION,"R$ 279,00","R$ 69,75","R$ 69,75",Ubisoft Entertainment,18+
Pacote 2K Ball N’ Brawl,"R$ 319,90","R$ 159,95","R$ 159,95",2K,12+
Blood Bowl 2: Legendary Edition,"R$ 159,90","R$ 29,90","R$ 29,90",NACON SA,14+
Blood Bowl 2,"R$ 99,50","R$ 14,92","R$ 14,92",NACON SA,14+
PixelJunk™ Shooter Ultimate,"R$ 62,50","R$ 12,50","R$ 12,50",Double Eleven,6+
FINAL FANTASY VII REMAKE,"R$ 249,90","R$ 124,95",Free,SQUARE ENIX CO. LTD.,12+
Remnant: From the Ashes,"R$ 164,90","R$ 82,45",Free,PERFECT WORLD ENTERTAINMENT INC.,16+
Farpoint,"R$ 79,90","R$ 39,95",Free,Sony Interactive Entertainment,16+
Shadow of the Tomb Raider,Free,Free,Free,SQUARE ENIX CO. LTD.,16+
THE KING OF FIGHTERS XIV Special Anniversary Edition,"R$ 209,90","R$ 69,26","R$ 48,27","SEGA of America, Inc.",16+
Velocibox,"R$ 66,90","R$ 51,90","R$ 41,52",LOOT™ Interactive,6+
