name,id,description,genres,developers,publishers,released,esrb_rating.name,parent_platforms,playtime,metacritic,game_series_count,rating,rating_top,ratings_count,reddit_count,reviews_count,suggestions_count,twitch_count,youtube_count,slug,tags,game_names,Ratio,Partial_Ratio,Token_Sort_Ratio,Token_Set_Ratio,valid_name?
Commandos 2 and Praetorians: HD Remaster Double Pack,Commandos 2 & Praetorians: HD Remaster Double Pack,Commandos 2 - HD Remaster,Praetorians - HD Remaster,S.W.I.N.E. HD Remaster,Command & Conquer Remastered Collection,,,,,,,,,,,,,,,,,Commandos 2 & Praetorians: HD Remaster Double Pack,96,94,96,100,Yes
Totally Reliable Delivery Service Deluxe Edition,Totally Reliable Delivery Service,Totally Reliable Delivery Service Beta,DISTRAINT: Deluxe Edition,Totally Reliable Delivery,Santa's Delivery Service,,,,,,,,,,,,,,,,,Totally Reliable Delivery Service,81,100,81,100,Yes
Persona®5 Royal Deluxe Edition,Persona 5 Royal,Persona 5,Persona 5 Strikers,DISTRAINT: Deluxe Edition,Persona 5: Dancing in Starlight,,,,,,,,,,,,,,,,,Persona 5 Royal,62,93,64,64,Evaluate
eFootball PES 2021 SEASON UPDATE STANDARD EDITION,eFootball PES 2021,eFootball PES 2022,eFootball PES 2020,Pro Evolution Soccer 2011,Pro Evolution Soccer 2012,,,,,,,,,,,,,,,,,eFootball PES 2021,54,100,54,100,Yes
Demon’s Tier+,Demon's Tier,Demon's Tier+,NIER,NieR Replicant v1.22474487139,Demon's Souls,,,,,,,,,,,,,,,,,Demon's Tier+,92,92,100,100,Yes
ONE PIECE: PIRATE WARRIORS 4 Edição Deluxe,ONE PIECE: PIRATE WARRIORS 4,One Piece: Pirate Warriors,One Piece Pirate Warriors 3,One Piece: Pirate Warriors 2,ONE PIECE World Seeker,,,,,,,,,,,,,,,,,ONE PIECE: PIRATE WARRIORS 4,80,100,82,100,Yes
Predator: Hunting Grounds Digital Deluxe Edition,Predator: Hunting Grounds,Talisman: Digital Edition,Scythe: Digital Edition,Gloom: Digital Edition,DISTRAINT: Deluxe Edition,,,,,,,,,,,,,,,,,Predator: Hunting Grounds,68,100,68,100,Yes
FAIRY TAIL Digital Deluxe,Fairy Tail,Fairy Tail - Hyper Fighters,Tooth and Tail,Fairy Lands: Rinka and the Fairy Gems,Fairyland: Fairy Power,,,,,,,,,,,,,,,,,Fairy Tail,57,100,57,100,Yes
Ghost of Tsushima Digital Deluxe Edition,Ghost of Tsushima,Talisman: Digital Edition,Scythe: Digital Edition,Gloom: Digital Edition,DISTRAINT: Deluxe Edition,,,,,,,,,,,,,,,,,Ghost of Tsushima,60,100,60,100,Yes
Don’t Starve Mega Pack 2020,Don't Starve Mega Pack 2020,YOU DON'T KNOW JACK,Don't Starve,Mega Man 10(2010),Don't Starve Mega Pack,,,,,,,,,,,,,,,,,Don't Starve Mega Pack 2020,96,96,100,100,Yes
World War Z - GOTY Edition,World War Z (2019),Plants vs. Zombies GOTY Edition,Blackout Z: Slaughterhouse Edition,Z End: World War,Airport Madness: World Edition,,,,,,,,,,,,,,,,,World War Z (2019),55,67,60,81,No
DOOM Eternal Edição Padrão,DOOM Eternal,Redemption: Eternal Quest,DOOM (2016),DOOM II,Ultimate Doom,,,,,,,,,,,,,,,,,DOOM Eternal,63,100,69,100,Yes
Arizona Sunshine® - Deluxe Edition,Arizona Sunshine,DISTRAINT: Deluxe Edition,Assassin's Creed 2 Deluxe Edition,Agricultural Simulator 2012: Deluxe Edition,Mass Effect: Andromeda Deluxe Edition,,,,,,,,,,,,,,,,,Arizona Sunshine,64,100,68,100,Yes
Konrad’s Kittens - Pacote de temas para gatos,Kitten adventures in city park,Bernie's Mittens 'n' Kittens,Marvin's Mittens,Juego de Papá para Lisan :),De-Void,,,,,,,,,,,,,,,,,Bernie's Mittens 'n' Kittens,41,46,43,51,No
Eastasiasoft Indie Shmup Bundle,Team Indie,Shmup-VS,Indie Graphics Bundle - Royalty Free Sprites,ATOM RPG: Post-apocalyptic indie game,GameCodeur-SHMUP,,,,,,,,,,,,,,,,,Team Indie,39,70,34,67,No
SWORD ART ONLINE Alicization Lycoris,SWORD ART ONLINE: Alicization Lycoris,SWORD ART ONLINE Alicization Lycoris,SWORD ART ONLINE: Hollow Realization,Sword Art Online -Hollow Fragment,SWORD ART ONLINE: Fatal Bullet,,,,,,,,,,,,,,,,,SWORD ART ONLINE Alicization Lycoris,100,100,100,100,Yes
Fallout 76: Aurora de Aço – Edição Deluxe,Fallout 76,Fallout 76 B.E.T.A.,Fallout 76: Wastelanders,FlatOut,Fallout: New Vegas,,,,,,,,,,,,,,,,,Fallout 76,39,100,44,100,Evaluate
MY HERO ONE’S JUSTICE 2,MY HERO ONE'S JUSTICE 2,My Hero One’s Justice,Red Comrades 2: For the Great Justice. Reloaded,Hero Zero,Injustice 2,,,,,,,,,,,,,,,,,MY HERO ONE'S JUSTICE 2,96,96,100,100,Yes
MY HERO ONE’S JUSTICE 2 Edição Deluxe,My Hero One’s Justice,MY HERO ONE'S JUSTICE 2,Assassin's Creed 2 Deluxe Edition,Mahjong Deluxe 2: Astral Planes,Red Comrades 2: For the Great Justice. Reloaded,,,,,,,,,,,,,,,,,MY HERO ONE'S JUSTICE 2,73,96,79,100,Yes
The Crew® 2 Deluxe Edition,Assassin's Creed 2 Deluxe Edition,DISTRAINT: Deluxe Edition,The Crew 2,Agricultural Simulator 2012: Deluxe Edition,Mass Effect: Andromeda Deluxe Edition,,,,,,,,,,,,,,,,,Agricultural Simulator 2012: Deluxe Edition,58,73,63,72,No
The Division 2 - Warlords of New York - Ultimate Edition,Tom Clancy’s The Division 2: Warlords of New York,Fallout: New Vegas - Ultimate Edition,Sideway New York,Vampire: The Masquerade - Coteries of New York,Vampire: The Masquerade - Shadows of New York,,,,,,,,,,,,,,,,,Fallout: New Vegas - Ultimate Edition,58,71,53,74,No
Street Fighter V: Champion Edition,Street Fighter II: Champion Edition,Street Fighter V CFN Beta,FIGHT NIGHT CHAMPION,Street Fighter Alpha 3 (1998),Street Fighter III: 3rd Strike,,,,,,,,,,,,,,,,,Street Fighter II: Champion Edition,96,94,93,97,Yes
Monster Energy Supercross 3 - Special Edition,Monster Energy Supercross - The Official Videogame,Monster Energy Supercross - The Official Videogame 3,Monster Energy Supercross - The Official Videogame 4,Jade Empire: Special Edition,Monster Energy Supercross - The Official Videogame 2,,,,,,,,,,,,,,,,,Jade Empire: Special Edition,58,64,57,71,No
DRAGON BALL Z: KAKAROT - Edição Definitiva,Dragon Ball Z: Kakarot,Dragon Ball Z: Budokai,Dragon Ball Z: Battle of Z,Dragon Ball Z: Budokai 3,Dragon Ball Z: Budokai Tenkaichi 2,,,,,,,,,,,,,,,,,Dragon Ball Z: Kakarot,69,100,72,100,Yes
The Surge 2 - Premium Edition,Dreamscapes: The Sandman - Premium Edition,Governor of Poker 2 - Premium Edition,The Surge 2,Dreamscapes: Nightmare's Heir - Premium Edition,Apothecarium: The Renaissance of Evil - Premium Edition,,,,,,,,,,,,,,,,,The Surge 2,55,100,58,100,Yes
Pacote Triplo Crash™ + Spyro™,Spyro 2: Ripto's Rage!,Skylanders Spyro's Adventure,Spyro the Dragon,Spyro: Enter the Dragonfly,Spyro: Year of the Dragon,,,,,,,,,,,,,,,,,Spyro the Dragon,36,44,54,54,No
Let’s Sing Country - Platinum Edition,Let's Sing Country,SpellForce - Platinum Edition,F.E.A.R. Platinum,Alex Hunter - Lord of the Mind Platinum Edition,Let's Sing,,,,,,,,,,,,,,,,,Let's Sing Country,62,94,68,100,Yes
STAR WARS™ Battlefront™ II: Celebration Edition,STAR WARS Battlefront 2 (2005),Star Wars: Battlefront,Star Wars: Battlefront II (2017),Star Wars Battlefront II: Resurrection,STAR WARS Battlefront,,,,,,,,,,,,,,,,,Star Wars: Battlefront,61,95,65,100,Yes
Pacote de Jogos - Crash™ Team Racing Nitro-Fueled + Spyro™,Crash Team Racing Nitro-Fueled,Crash Team Racing,CTR: Crash Team Racing,Skylanders Spyro's Adventure,Crash Tag Team Racing,,,,,,,,,,,,,,,,,Crash Team Racing Nitro-Fueled,68,97,73,100,Yes
DEEMO -Reborn-,DEEMO -Reborn,The Dolls: Reborn,Rising Angels: Reborn,Luna Online: Reborn,Gemini: Heroes Reborn,,,,,,,,,,,,,,,,,DEEMO -Reborn,96,100,100,100,Yes
Shenmue III - Digital Deluxe Edition,Shenmue,Talisman: Digital Edition,Scythe: Digital Edition,Gloom: Digital Edition,Cossacks 3: Digital Deluxe,,,,,,,,,,,,,,,,,Shenmue,33,100,34,100,Evaluate
STAR WARS Jedi: Fallen Order™ Edição Deluxe,Star Wars Jedi: Fallen Order,Star Wars: Jedi Starfighter,STAR WARS Jedi Knight - Jedi Academy,STAR WARS Jedi Knight II - Jedi Outcast,Star Wars: Jedi Trials,,,,,,,,,,,,,,,,,Star Wars Jedi: Fallen Order,79,100,82,100,Yes
Atelier Ryza: Digital Deluxe Edition,Talisman: Digital Edition,Atelier Ryza: Ever Darkness & the Secret Hideout,Scythe: Digital Edition,Gloom: Digital Edition,DISTRAINT: Deluxe Edition,,,,,,,,,,,,,,,,,Scythe: Digital Edition,64,70,60,81,No
Atelier Ryza: Ever Darkness and the Secret Hideout,Atelier Ryza: Ever Darkness & the Secret Hideout,Atelier Ryza: Ever Darkness & the Secret Hideout with bonus,Atelier Ryza 2: Lost Legends & the Secret Fairy,Atelier Ryza 2: Lost Legends and the Secret Fairy PS4 and PS5,Yokai's Secret,,,,,,,,,,,,,,,,,Atelier Ryza: Ever Darkness & the Secret Hideout,96,94,96,100,Yes
Need for Speed™ Heat,Need for Speed Heat,Need for Speed: ProStreet,Need for Speed,Need for Speed: Shift,Need for Speed: Underground,,,,,,,,,,,,,,,,,Need for Speed Heat,97,95,100,100,Yes
Call of Duty®: Modern Warfare®,Call of Duty 4: Modern Warfare,Call of Duty: Modern Warfare Remastered,Call of Duty: Modern Warfare (2019),Call of Duty: Modern Warfare 3,Call of Duty: Modern Warfare 2,,,,,,,,,,,,,,,,,Call of Duty 4: Modern Warfare,93,93,96,100,Yes
Farming Simulator 19 - Platinum Edition,Farming Simulator 19,Farming Simulator 2011: Platinum Edition,SpellForce - Platinum Edition,F.E.A.R. Platinum,Agricultural Simulator: Historical Farming,,,,,,,,,,,,,,,,,Farming Simulator 2011: Platinum Edition,91,90,95,96,Evaluate
Plants vs. Zombies™: Batalha por Neighborville Edição Deluxe,Plants vs. Zombies: Battle for Neighborville,Plants vs. Zombies,Plants vs Zombies Garden Warfare,Plants vs. Zombies GOTY Edition,Plants vs. Zombies Garden Warfare 2,,,,,,,,,,,,,,,,,Plants vs. Zombies,46,100,47,100,Evaluate
Worms Battlegrounds + Worms W.M.D,Worms W.M.D,Worms Battlegrounds + Worms W.M.D,Worms,Worms Armageddon,Worms Revolution,,,,,,,,,,,,,,,,,Worms Battlegrounds + Worms W.M.D,100,100,100,100,Yes
Zombieland: Double Tap- Road Trip,Zombieland: Double Tap - Road Trip,Zombieland: Double Tapper,ModNation Racers: Road Trip,Tap Double-tap!,Tap Double-Tap REMAKE!,,,,,,,,,,,,,,,,,Zombieland: Double Tap - Road Trip,99,97,100,100,Yes
GRID Ultimate Edition,Blasting Agent: Ultimate Edition,GRID Autosport,Dragon Age: Origins - Ultimate Edition,Gears of War: Ultimate Edition,Race Driver: Grid,,,,,,,,,,,,,,,,,Blasting Agent: Ultimate Edition,68,81,62,86,Evaluate
Tom Clancy’s Ghost Recon Breakpoint,Tom Clancy's Ghost Recon Breakpoint,Tom Clancy’s Ghost Recon Breakpoint Trial,Tom Clancy's Ghost Recon Breakpoint Beta,Tom Clancy's Ghost Recon,Tom Clancy's Ghost Recon Wildlands,,,,,,,,,,,,,,,,,Tom Clancy's Ghost Recon Breakpoint,97,97,100,100,Yes
Tom Clancy’s Ghost Recon Breakpoint Ultimate Edition,Tom Clancy's Ghost Recon Breakpoint,Tom Clancy's Ghost Recon,Tom Clancy’s Ghost Recon Breakpoint Trial,Tom Clancy's Ghost Recon Breakpoint Beta,Tom Clancy's Ghost Recon Wildlands,,,,,,,,,,,,,,,,,Tom Clancy's Ghost Recon Breakpoint,78,97,80,100,Yes
Tropico 6 El Prez Edition,Tropico 6,Tropico 6 - Beta,Halcyon 6: Lightspeed Edition,Tropico,Avernum 6,,,,,,,,,,,,,,,,,Tropico 6,53,100,53,100,Yes
Catherine: Full Body Digital Deluxe Edition,Catherine: Full Body,Catherine,Talisman: Digital Edition,Scythe: Digital Edition,Gloom: Digital Edition,,,,,,,,,,,,,,,,,Catherine: Full Body,63,100,62,100,Yes
DiRT Rally 2.0 - Game of the Year Edition,DiRT Rally 2.0,BADLAND: Game of the Year Edition,Deus Ex: Game of the Year Edition,Fallout 3: Game of the Year Edition,Borderlands 2: Game of the Year Edition,,,,,,,,,,,,,,,,,DiRT Rally 2.0,51,100,53,100,Yes
The Bard’s Tale IV: Director’s Cut,The Bard's Tale IV: Director's Cut,Q.U.B.E: Director's Cut,Deadlight: Director's Cut,The Bard's Tale,Mythos: The Beginning - Director's Cut,,,,,,,,,,,,,,,,,The Bard's Tale IV: Director's Cut,94,94,100,100,Yes
F1® 2019,F1 2017,F1 2019,F1 2016,F1 2011,F1 2013,,,,,,,,,,,,,,,,,F1 2019,93,86,100,100,Evaluate
Train Sim World® 2020,Train Sim World: CSX Heavy Haul,Train Sim World,Train Sim World 2020,Rain World,Train Simulator,,,,,,,,,,,,,,,,,Train Sim World 2020,98,95,100,100,Yes
Mutant Year Zero: Road to Eden - Deluxe Edition ,Mutant Year Zero: Road to Eden,Mutant Year Zero: Road to Eden Demo,Mutant Year Zero: Seed of Evil,DISTRAINT: Deluxe Edition,Phoenix Point: Year One Edition,,,,,,,,,,,,,,,,,Mutant Year Zero: Road to Eden,77,100,79,100,Yes
Rainbow Skies + Rainbow Moon Mega RPG Bundle,Rainbow Moon,Sky's Rainbow,Tom Clancy's Rainbow Six,Tom Clancy's Rainbow Six Vegas,Tom Clancy's Rainbow Six Parasite,,,,,,,,,,,,,,,,,Rainbow Moon,43,100,44,100,Evaluate
F1® 2019 Legends Edition Senna and Prost,F1 2017,F1 2019,F1 2016,F1 2011,F1 2013,,,,,,,,,,,,,,,,,F1 2017,26,86,26,44,Evaluate
Crash™ Team Racing Nitro-Fueled,Crash Team Racing Nitro-Fueled,Crash Team Racing,CTR: Crash Team Racing,Crash Tag Team Racing,Crash Nitro Kart,,,,,,,,,,,,,,,,,Crash Team Racing Nitro-Fueled,98,97,100,100,Yes
Horizon Shift ’81,Horizon Shift '81,Horizon Shift,Alteil: Horizons,Shift Happens,Shattered Horizon,,,,,,,,,,,,,,,,,Horizon Shift '81,94,94,100,100,Yes
Lapis x Labyrinth ,Lapis x Labyrinth,Medusa's Labyrinth,MinosMaze - The Minotaur's Labyrinth,Labyrinth,Project Druid - 2D Labyrinth Explorer,,,,,,,,,,,,,,,,,Lapis x Labyrinth,97,100,100,100,Yes
Xenon Racer - Deluxe Edition,Xenon Racer,DISTRAINT: Deluxe Edition,Assassin's Creed 2 Deluxe Edition,Agricultural Simulator 2012: Deluxe Edition,Mass Effect: Andromeda Deluxe Edition,,,,,,,,,,,,,,,,,Xenon Racer,56,100,59,100,Yes
Konrad’s Kittens Bundle,Bernie's Mittens 'n' Kittens,Marvin's Mittens,Konrad the Kitten,Kicking Kittens: Putin Saves The World,Konrad the Kitten - a virtual but real cat,,,,,,,,,,,,,,,,,Konrad the Kitten - a virtual but real cat,52,61,54,54,No
Conan Exiles – Deluxe Edition,Conan Exiles,DISTRAINT: Deluxe Edition,Assassin's Creed 2 Deluxe Edition,Agricultural Simulator 2012: Deluxe Edition,Age of Conan: Unchained,,,,,,,,,,,,,,,,,Conan Exiles,59,100,62,100,Yes
Power Rangers: Battle For The Grid - Edição de Colecionador,Power Rangers: Battle For The Grid,Power Rangers Zeo: Battle Racers,Saban’s Mighty Morphin Power Rangers: Mega Battle,GRID Autosport,Vangers,,,,,,,,,,,,,,,,,Power Rangers: Battle For The Grid,73,100,76,100,Yes
SEVEN: ENHANCED EDITION,Interplanetary: Enhanced Edition,Icewind Dale: Enhanced Edition,Planescape: Torment: Enhanced Edition,Neverwinter Nights: Enhanced Edition,Baldur's Gate: Enhanced Edition,,,,,,,,,,,,,,,,,Planescape: Torment: Enhanced Edition,73,87,74,84,Evaluate
ONE PIECE World Seeker Edição Deluxe,ONE PIECE World Seeker,ONE PIECE Unlimited World Red,One Piece: Pirate Warriors,One Piece: Unlimited World Red - Deluxe Edition,ONE PIECE: PIRATE WARRIORS 4,,,,,,,,,,,,,,,,,ONE PIECE World Seeker,76,100,79,100,Yes
Coleção LEGO® Marvel,LEGO Marvel's Avengers,LEGO Marvel Super Heroes,LEGO Marvel Collection,Marvel’s Avengers,LEGO Marvel's Avengers - Classic Captain Marvel Pack,,,,,,,,,,,,,,,,,LEGO Marvel's Avengers - Classic Captain Marvel Pack,39,45,42,79,No
The Walking Vegetables: Radical Edition,The Walking Vegetables,OVERKILL's The Walking Dead,The Escapists: The Walking Dead,The Walking Dead: Michonne,The Walking Dead: Season 1,,,,,,,,,,,,,,,,,The Walking Vegetables,72,100,73,100,Yes
Anthem™ - Edição Legião da Alvorada,Anthem,Re-Legion,Erica,Watch Dogs Legion,Littlewitch Romanesque: Editio Regia,,,,,,,,,,,,,,,,,Anthem,29,100,34,100,Evaluate
Quase Lá: O jogo de plataforma,Pastor de Ovelhas - O Jogo,Mariana: O Jogo,Furtivo - O Jogo,PAINT - O Jogo,Arquijaz: o Jogo,,,,,,,,,,,,,,,,,Furtivo - O Jogo,39,56,33,60,No
ACE COMBAT™ 7: SKIES UNKNOWN,ACE COMBAT 7: SKIES UNKNOWN,Ace Combat: Assault Horizon,Ace Combat 04: Shattered Skies,Ace Combat XI: Skies of Incursion,Ace Combat 6: Fires of Liberation,,,,,,,,,,,,,,,,,ACE COMBAT 7: SKIES UNKNOWN,98,96,100,100,Yes
SWORD ART ONLINE: FATAL BULLET Edição Completa,SWORD ART ONLINE: Fatal Bullet,SWORD ART ONLINE: FATAL BULLET Demo,SWORD ART ONLINE: Hollow Realization,Sword Art Online -Hollow Fragment,Sword Art Online: Lost Song,,,,,,,,,,,,,,,,,SWORD ART ONLINE: Fatal Bullet,79,100,81,100,Yes
Tales of Vesperia™: Edição Definitiva,Tales of Vesperia: Definitive Edition,Tales of Vesperia,Tales of Esferia: Araxis,Tales of Symphonia (2003),Tick's Tales,,,,,,,,,,,,,,,,,Tales of Vesperia,63,100,68,100,Yes
Override: Mech City Brawl - Super Charged Mega Edition,Override: Mech City Brawl,Override: Mech City Brawl - CLOSED BETA,Override 2: Super Mech League,Super Smash Bros. Brawl,Crawl N' Brawl,,,,,,,,,,,,,,,,,Override: Mech City Brawl,63,100,64,100,Yes
Darksiders III Blades and Whip Edition,Darksiders II Deathinitive Edition,Darksiders Warmastered Edition,Darksiders III,Mount & Blade,SpellForce 3: Versus Edition,,,,,,,,,,,,,,,,,Darksiders III,54,100,54,100,Yes
Darksiders III Digital Deluxe Edition,Darksiders II Deathinitive Edition,Darksiders III - Digital Extras,Talisman: Digital Edition,Scythe: Digital Edition,Gloom: Digital Edition,,,,,,,,,,,,,,,,,Scythe: Digital Edition,60,70,54,81,No
Farming Simulator 19 - Premium Edition,Farming Simulator 19,Dreamscapes: The Sandman - Premium Edition,Agricultural Simulator: Historical Farming,Farming Simulator 19: Real Tractor Farming Game,Dreamscapes: Nightmare's Heir - Premium Edition,,,,,,,,,,,,,,,,,Farming Simulator 19,69,100,71,100,Yes
Aces of the Luftwaffe - Squadron Extended Edition,Aces of the Luftwaffe - Squadron,Anna - Extended Edition,Rise of Nations: Extended Edition,Age of Mythology: Extended Edition,Aces of the Luftwaffe,,,,,,,,,,,,,,,,,Aces of the Luftwaffe - Squadron,79,100,78,100,Yes
HITMAN™ 2,HITMAN 2 - Prologue,Hitman 2: Silent Assassin,Hitman,Hitman 2,Hitman: Absolution,,,,,,,,,,,,,,,,,Hitman 2,94,88,100,100,Evaluate
Knowledge is Power:Decades,Knowledge is Power: Decades,Knowledge is Power,Apocalipsis: The Tree of the Knowledge of Good and Evil,Community College Hero: Knowledge is Power,Self-knowledge VR,,,,,,,,,,,,,,,,,Knowledge is Power: Decades,98,96,100,100,Yes
HITMAN 2 - Edição Ouro,HITMAN 2 - Prologue,Hitman 2: Silent Assassin,Hitman,Hitman 2,Hitman: Absolution,,,,,,,,,,,,,,,,,Hitman 2,53,100,62,100,Yes
Tetris® Effect,Tetris Effect: Connected,Tetris Effect,Tetris (1984),Fear Effect Sedna,Mass Effect: Andromeda,,,,,,,,,,,,,,,,,Tetris Effect,96,92,100,100,Yes
The Sims™ 4 + Gatos e Cães – Bundle,The Sims 4,The Sims,Cally's Caves 4,The Sims 4: Cats & Dogs,The Sims 2: University,,,,,,,,,,,,,,,,,The Sims,37,100,43,100,Evaluate
MudRunner - American Wilds Edition,MudRunner - American Wilds Expansion,Spintires: Mudrunner - American Wilds,MudRunner,Spintires: MudRunner,MudRunner – American Wilds,,,,,,,,,,,,,,,,,MudRunner – American Wilds,83,96,86,100,Yes
Nickelodeon Kart Racers,Nickelodeon: Kart Racers,Nickelodeon Kart Racers,Nickelodeon Kart Racers 2: Grand Prix,Garfield Kart - Furious Racing,LEGO Racers,,,,,,,,,,,,,,,,,Nickelodeon Kart Racers,100,100,100,100,Yes
LEGO® DC Super-Vilões Edição Deluxe,LEGO DC Super-Villains,LEGO Batman 2 DC Super Heroes,LEGO Marvel Super Heroes,LEGO The Hobbit,New Super Mario Bros. U Deluxe,,,,,,,,,,,,,,,,,LEGO The Hobbit,32,40,35,42,No
Assassin’s Creed® Odyssey Gold Edition,Assassin's Creed Odyssey,Assassin's Creed,Assassin's Creed: Director's Cut Edition,Assassin's Creed Unity,Assassin's Creed: Bloodlines,,,,,,,,,,,,,,,,,Assassin's Creed,56,94,60,100,Yes
Creed Rise to Glory™,Creed: Rise to Glory,Warriors: Rise to Glory!,Fallen Legion: Rise to Glory,Assassin's Creed,Ticket to Ride,,,,,,,,,,,,,,,,,Creed: Rise to Glory,95,95,100,100,Yes
Edição Ultimate do Tom Clancy’s Ghost Recon® Wildlands,Tom Clancy's Ghost Recon Wildlands,Tom Clancy's Ghost Recon,Tom Clancy's Ghost Recon Breakpoint,Tom Clancy's Ghost Recon: Island Thunder,Tom Clancy's Ghost Recon: Desert Siege,,,,,,,,,,,,,,,,,Tom Clancy's Ghost Recon,59,96,64,100,Yes
Fishing Sim World®: Pro Tour,Fishing Sim World: Pro Tour + Giant Carp Pack,Fishing Sim World: Pro Tour + The Catch: Carp & Coarse,roulettemin pro: world tour,Table Top Racing: World Tour,Train Sim World: CSX Heavy Haul,,,,,,,,,,,,,,,,,Fishing Sim World: Pro Tour + The Catch: Carp & Coarse,66,96,70,100,Yes
Disgaea 5 Complete Bundle,DISGAEA 5: ALLIANCE OF VENGEANCE,Disgaea 4 Complete+,Disgaea 5 Complete,Disgaea 5 Complete / 魔界戦記ディスガイア5,Disgaea 4: A Promise Revisited,,,,,,,,,,,,,,,,,Disgaea 5 Complete,84,100,84,100,Yes
Mega Man X Legacy Collection 1+2,Mega Man X Legacy Collection 2,Mega Man X Legacy Collection,Mega Man Legacy Collection 2 / ロックマン クラシックス コレクション 2,Mega Man Legacy Collection / ロックマン クラシックス コレクション,Mega Man 10(2010),,,,,,,,,,,,,,,,,Mega Man X Legacy Collection 2,97,97,97,100,Yes
ONRUSH DIGITAL DELUXE EDITION,Talisman: Digital Edition,Scythe: Digital Edition,Gloom: Digital Edition,DISTRAINT: Deluxe Edition,Iron Front: Digital War Edition,,,,,,,,,,,,,,,,,Gloom: Digital Edition,67,68,68,83,No
ONRUSH STANDARD DIGITAL EDITION,Talisman: Digital Edition,Scythe: Digital Edition,Gloom: Digital Edition,Iron Front: Digital War Edition,Pixeo Mazeo - Standard Edition,,,,,,,,,,,,,,,,,Gloom: Digital Edition,64,73,65,83,No
Overwatch: Legendary Edition,Mass Effect: Legendary Edition,Blood Bowl Legendary Edition,Memory: Overwatch Edition,The Elder Scrolls V: Skyrim Legendary Edition,Overwatch,,,,,,,,,,,,,,,,,Overwatch,49,100,50,100,Evaluate
DOOM + Wolfenstein II Bundle,Wolfenstein 2: The New Colossus,Wolfenstein: Cyberpilot,DOOM II,Wolfenstein: Youngblood,Wolfenstein: The New Order,,,,,,,,,,,,,,,,,DOOM II,40,71,42,100,Evaluate
Skyrim Special Edition + Fallout 4 G.O.T.Y. Bundle,The Elder Scrolls V: Skyrim Special Edition,Devil May Cry 4: Special Edition,Fallout 4,Jade Empire: Special Edition,Dracula 4 and 5 - Special,,,,,,,,,,,,,,,,,Fallout 4,31,100,32,100,Evaluate
God of War Digital Deluxe Edition,God of War (2005),Iron Front: Digital War Edition,God of War: Ascension,God of War: Ragnarok,God of War II,,,,,,,,,,,,,,,,,God of War: Ascension,59,62,60,67,No
Extinction,eXtinction (2002),Extinction,The Extinction (2015),Nexomon: Extinction,Primal Carnage: Extinction,,,,,,,,,,,,,,,,,Extinction,100,100,100,100,Yes
Extinction: Deluxe Edition,DISTRAINT: Deluxe Edition,The Extinction (2015),Nexomon: Extinction,eXtinction (2002),Assassin's Creed 2 Deluxe Edition,,,,,,,,,,,,,,,,,eXtinction (2002),51,65,55,80,No
Ni no Kuni™ II: REVENANT KINGDOM,Ni no Kuni II: Revenant Kingdom,Ni no Kuni: Wrath of the White Witch,Ni no Kuni: Wrath of the White Witch Remastered,Kingdom Wars 2: Battles,Ni no Kuni: Dominion of the Dark Djinn,,,,,,,,,,,,,,,,,Ni no Kuni II: Revenant Kingdom,98,97,100,100,Yes
Burnout™ Paradise Remastered,Burnout Paradise Remastered,Burnout Paradise: The Ultimate Box,Burnout Paradise,Burnout 3: Takedown,burnout.,,,,,,,,,,,,,,,,,Burnout Paradise Remastered,98,96,100,100,Yes
Devil May Cry HD Collection and 4SE Bundle,DmC: Devil May Cry,Devil May Cry 5,Devil May Cry HD Collection,Devil May Cry 3: Dante's Awakening,Devil May Cry 4: Special Edition,,,,,,,,,,,,,,,,,Devil May Cry HD Collection,78,100,78,100,Yes
Konrad’s Kittens,Bernie's Mittens 'n' Kittens,Marvin's Mittens,Konrad the Kitten,Kicking Kittens: Putin Saves The World,Konrad the Kitten - a virtual but real cat,,,,,,,,,,,,,,,,,Kicking Kittens: Putin Saves The World,37,62,42,61,No
Xenon Valkyrie+,Xenon Valkyrie,Xenon Valkyrie (itch),VALKYRIE DRIVE -BHIKKHUNI,Valkyria Chronicles,Xenon Racer,,,,,,,,,,,,,,,,,Xenon Valkyrie,97,100,100,100,Yes
DRAGON BALL FIGHTERZ - FighterZ Edition,DRAGON BALL FighterZ,DRAGON BALL FIGHTERZ - Open Beta,Street Fighter II: Champion Edition,STAR WARS: TIE Fighter Special Edition,Jay Fighter: Remastered,,,,,,,,,,,,,,,,,DRAGON BALL FighterZ,68,100,70,100,Yes
SONIC FORCES Edição Digital Standard,Sonic Forces,Sonic Forces: Speed Battle,Sonic Generations,Sonic Adventure,Sonic's UGC,,,,,,,,,,,,,,,,,Sonic Forces,50,100,52,100,Evaluate
Kerbal Space Program Enhanced Edition,Space Hulk: Deathwing - Enhanced Edition,Kerbal Space Program,Interplanetary: Enhanced Edition,Kerbal Space Program - Making History,Icewind Dale: Enhanced Edition,,,,,,,,,,,,,,,,,Kerbal Space Program,70,100,70,100,Yes
Grand Theft Auto V: Edição Premium,Grand Theft Auto V,Grand Theft Auto IV,Grand Theft Auto: London 1961,Grand Theft Auto V & Grand Theft Auto: San Andreas,Grand Theft Auto: Chinatown Wars,,,,,,,,,,,,,,,,,Grand Theft Auto V,69,100,73,100,Yes
Vegas Party,Vegas Party (2017),Vegas Party,Panty Party,Fallout: New Vegas,Dungeon-Party,,,,,,,,,,,,,,,,,Vegas Party,100,100,100,100,Yes
Dead Rising 4: Frank’s Big Package,Dead Rising 4: Frank's Big Package,Dead Rising 4,Zombie Army 4: Dead War,Frank's Big Job,Dead Rising 3 Apocalypse Edition,,,,,,,,,,,,,,,,,Dead Rising 4: Frank's Big Package,97,97,100,100,Yes
Arizona Sunshine®,Arizona Sunshine,Camp Sunshine,Aritana and the Harpy's Feather,3dSunshine,Super Mario Sunshine,,,,,,,,,,,,,,,,,Arizona Sunshine,97,100,100,100,Yes
Loading Human - Chapter 1,Loading Human: Chapter 1,Mirrored - Chapter 1,Deltarune (Chapter 1),Life of Lon: Chapter 1,Rain of Reflections: Chapter 1,,,,,,,,,,,,,,,,,Loading Human: Chapter 1,94,92,100,100,Yes
The Sims™ 4 Edição Festa Deluxe,The Sims 4,The Sims,The Sims 2: University,The Sims 2: Pets,The Sims 3 Pets,,,,,,,,,,,,,,,,,The Sims,41,100,44,100,Evaluate
LEGO® Marvel Super Heroes 2,LEGO Marvel Super Heroes,LEGO Batman 2 DC Super Heroes,Marvel Heroes,LEGO Marvel's Avengers,LEGO Marvel Super Heroes 2,,,,,,,,,,,,,,,,,LEGO Marvel Super Heroes 2,98,96,100,100,Yes
Need for Speed™ Payback - Deluxe Edition,Need for Speed Payback,Need for Speed: ProStreet,Need for Speed,Need for Speed: Shift,Need for Speed: Underground,,,,,,,,,,,,,,,,,Need for Speed,52,100,55,100,Yes
Wuppo - Deluxe Edition,Wuppo,DISTRAINT: Deluxe Edition,Assassin's Creed 2 Deluxe Edition,Agricultural Simulator 2012: Deluxe Edition,Mass Effect: Andromeda Deluxe Edition,,,,,,,,,,,,,,,,,Wuppo,37,100,40,100,Evaluate
Wuppo - Super Deluxe Edition,Wuppo,DISTRAINT: Deluxe Edition,Assassin's Creed 2 Deluxe Edition,Agricultural Simulator 2012: Deluxe Edition,Mass Effect: Andromeda Deluxe Edition,,,,,,,,,,,,,,,,,Wuppo,30,100,32,100,Evaluate
Assassin’s Creed® Origins Gold Edition,Assassin's Creed Origins,Assassin's Creed,Assassin's Creed: Director's Cut Edition,Assassin's Creed Unity,Assassin's Creed: Bloodlines,,,,,,,,,,,,,,,,,Assassin's Creed,56,94,60,100,Yes
The Metronomicon: Slay the Dance Floor - Deluxe,The Metronomicon: Slay the Dance Floor,Necronomicon: The Dawning of Darkness,Killing Floor: Incursion,Wooden Floor 2 - Resurrection,The Flood,,,,,,,,,,,,,,,,,The Metronomicon: Slay the Dance Floor,89,100,91,100,Yes
ARK: Survival Evolved Explorer’s Edition,ARK: Survival Evolved,ARK: Survival Of The Fittest,A-Calc for Ark Survival Evolve,Ark II,Halo: Combat Evolved,,,,,,,,,,,,,,,,,ARK: Survival Evolved,69,100,68,100,Yes
Fallout 4: Game of the Year Edition,Fallout 3: Game of the Year Edition,BADLAND: Game of the Year Edition,The Elder Scrolls IV: Oblivion Game of the Year Edition,Deus Ex: Game of the Year Edition,Borderlands 2: Game of the Year Edition,,,,,,,,,,,,,,,,,Fallout 3: Game of the Year Edition,97,97,97,97,Yes
Marvel vs. Capcom: Infinite - Standard Edition,Marvel vs. Capcom: Infinite,Ultimate Marvel vs. Capcom 3,Marvel vs. Capcom: Clash of Super Heroes,Marvel vs. Capcom: Origins,Marvel vs. Capcom 2: New Age of Heroes,,,,,,,,,,,,,,,,,Marvel vs. Capcom: Infinite,74,100,75,100,Yes
Dead Alliance™,Mortal Kombat: Deadly Alliance,Jagged Alliance: Deadly Games,Marvel Ultimate Alliance,Jagged Alliance: Crossfire,Jagged Alliance Flashback,,,,,,,,,,,,,,,,,Mortal Kombat: Deadly Alliance,59,86,62,76,Evaluate
Dead Alliance™: Multiplayer Edition,Dead Alliance: Multiplayer Beta,Jagged Alliance 1: Gold Edition,Killer is Dead - Nightmare Edition,Mortal Kombat: Deadly Alliance,Jagged Alliance: Deadly Games,,,,,,,,,,,,,,,,,Dead Alliance: Multiplayer Beta,88,90,83,91,Evaluate
Mega Man Legacy Collection 1 and 2 Combo Pack,Mega Man Legacy Collection 1 & 2 Combo Pack,Mega Man Legacy Collection 2 / ロックマン クラシックス コレクション 2,Mega Man X Legacy Collection 2,Mega Man Legacy Collection / ロックマン クラシックス コレクション,Mega Man X Legacy Collection,,,,,,,,,,,,,,,,,Mega Man Legacy Collection 1 & 2 Combo Pack,95,93,95,100,Yes
Sine Mora EX,Sine Mora,Sine Mora EX,Deus Ex,Deus Ex GO,La-Mulana EX,,,,,,,,,,,,,,,,,Sine Mora EX,100,100,100,100,Yes
Sundered®: Eldritch Edition,Sundered: Eldritch Edition,Eldritch,Sundered,Murdered: Soul Suspect,Daily Chthonicle: Editor's Edition,,,,,,,,,,,,,,,,,Sundered: Eldritch Edition,98,96,100,100,Yes
That’s You!,That's You!,Monster Loves You!,YOU DON'T KNOW JACK,All You Can Eat,Chocolate makes you happy,,,,,,,,,,,,,,,,,That's You!,91,91,100,100,Yes
Crash Bandicoot™ N. Sane Trilogy,Crash Bandicoot N. Sane Trilogy,Crash Bandicoot,Crash Bandicoot 3: Warped,Crash Bandicoot: Crash's Revenge,Crash Bandicoot: The Wrath of Cortex,,,,,,,,,,,,,,,,,Crash Bandicoot N. Sane Trilogy,98,97,100,100,Yes
Pacote Familiar EA,Familiar Unfamiliar,EA SPORTS MMA,EA SPORTS UFC,EA SPORTS NHL 16,EA SPORTS UFC 2,,,,,,,,,,,,,,,,,Familiar Unfamiliar,54,61,54,62,No
Injustice™ 2,Injustice 2,Injustice: Gods Among Us,Justice League: Injustice for All,Red Comrades 2: For the Great Justice. Reloaded,Injustice: Gods Among Us Ultimate Edition,,,,,,,,,,,,,,,,,Injustice 2,96,91,100,100,Yes
Resident Evil™ Code: Veronica X,Resident Evil Code: Veronica,Resident Evil Code: Veronica X (HD),Resident Evil - Code: Veronica X,Resident Evil Survivor 2 – Code: Veronica,Resident Evil: Village,,,,,,,,,,,,,,,,,Resident Evil - Code: Veronica X,95,94,100,100,Yes
Darksiders: Fury’s Collection - War and Death,Darksiders Fury's Collection - War and Death,Rome: Total War - Collection,Medieval: Total War - Collection,SHOGUN: Total War - Collection,God of War Collection,,,,,,,,,,,,,,,,,Darksiders Fury's Collection - War and Death,97,95,100,100,Yes
Troll and I™,SHENZHEN I/O,Troll and I,Stephen's Sausage Roll,Mountain Troll,ZRoll,,,,,,,,,,,,,,,,,Troll and I,96,100,100,100,Yes
Gem Smashers,Gem Smashers (2003),Gem Smashers,Gem Smashers (2011),Slasher's Keep,My Lands: Black Gem Hunting,,,,,,,,,,,,,,,,,Gem Smashers,100,100,100,100,Yes
Sublevel Zero - Redux,Sublevel Zero Redux,UNBOX: Newbie's Adventure and Sublevel Zero: Redux,Sublevel Zero,Offensive Combat: Redux!,Awkward Dimensions Redux,,,,,,,,,,,,,,,,,Sublevel Zero Redux,95,89,100,100,Evaluate
Sniper Elite 4 Deluxe Edition,DISTRAINT: Deluxe Edition,Sniper Elite 4,SimCity 4 Deluxe Edition,Trap Them - Sniper Edition,Sniper Elite: Nazi Zombie Army,,,,,,,,,,,,,,,,,Sniper Elite 4,65,100,65,100,Yes
NARUTO SHIPPUDEN™: Ultimate Ninja® STORM 4 ROAD TO BORUTO,NARUTO SHIPPUDEN: Ultimate Ninja STORM 4 ROAD TO BORUTO,NARUTO SHIPPUDEN: Ultimate Ninja STORM 4,NARUTO SHIPPUDEN: Ultimate Ninja STORM 3,Naruto Shippuden: Ultimate Ninja Storm 2,NARUTO SHIPPUDEN: Ultimate Ninja STORM Revolution,,,,,,,,,,,,,,,,,NARUTO SHIPPUDEN: Ultimate Ninja STORM 4 ROAD TO BORUTO,98,96,100,100,Yes
RESIDENT EVIL 7 biohazard,Resident Evil 7: Biohazard,Resident Evil 7 / Biohazard 7 Teaser: Beginning Hour,Resident Evil (2002),Resident Evil 6,Resident Evil Zero,,,,,,,,,,,,,,,,,Resident Evil 7: Biohazard,98,96,100,100,Yes
Watch Dogs 2 - Gold Edition,Watch Dogs Legion,Gothic II: Gold Edition,Watch Dogs 2,ARMA: Gold Edition,Venetica - Gold Edition,,,,,,,,,,,,,,,,,Watch Dogs 2,62,100,65,100,Yes
DRAGON BALL XENOVERSE Super Bundle,Dragon Ball: Xenoverse,Dragon Ball Xenoverse,DRAGON BALL XENOVERSE 2,Dragon Ball Z: Budokai,Dragon Ball Z: Kakarot,,,,,,,,,,,,,,,,,DRAGON BALL XENOVERSE 2,77,96,74,95,Yes
Battlefield™ 1,Battlefield 1,Battlefield 1 Revolution,Battlefield 1: Apocalypse,Battlefield: Bad Company,Battlefield 2: Modern Combat,,,,,,,,,,,,,,,,,Battlefield 1,96,92,100,100,Yes
O Pacote Jackbox Party 3,The Jackbox Party Pack 3,The Jackbox Party Pack 2,O-PACO,The Jackbox Party Trilogy,The Jackbox Party Pack,,,,,,,,,,,,,,,,,O-PACO,33,83,40,40,No
Virginia – Pacote de Edição Especial,Virginia,Lab de Games - 3ª Edição,De-Void,de Blob,Laboratório de Games - 2ª Edição,,,,,,,,,,,,,,,,,Virginia,36,100,40,100,Evaluate
Don’t Starve Together: Console Edition,Stellaris: Console Edition,Don't Starve Together,Gone Home: Console Edition,Don't Starve: Pocket Edition,Don't Starve,,,,,,,,,,,,,,,,,Don't Starve Together,68,95,72,100,Yes
The Witcher 3: Wild Hunt – Complete Edition,The Witcher 3: Game of the Year,The Witcher 3: Wild Hunt,The Witcher 3: Wild Hunt - Hearts of Stone,The Witcher 3: Wild Hunt - Blood and Wine,RollerCoaster Tycoon 3: Complete Edition,,,,,,,,,,,,,,,,,The Witcher 3: Wild Hunt,72,100,73,100,Yes
No Man’s Sky,No Man's Sky,No Man's Sky PS4 and PS5,No Man's Sky 2 electric boogaloo,Old Man's Journey,Star Sky - ブルームーン,,,,,,,,,,,,,,,,,No Man's Sky,92,92,100,100,Yes
Cast of the Seven Godsends – Redux ,Cast of the Seven Godsends,Metro: Last Light Redux,Ys SEVEN,Offensive Combat: Redux!,Conception II: Children of the Seven Stars,,,,,,,,,,,,,,,,,Cast of the Seven Godsends,85,100,90,100,Yes
LEGO® Star Wars™: LEGO® Star Wars™: The Force Awakens de Luxo,LEGO Star Wars: The Force Awakens,LEGO Star Wars III - The Clone Wars,Lego Star Wars: The Video Game,LEGO Star Wars - The Complete Saga,LEGO STAR WARS The Skywalker Saga,,,,,,,,,,,,,,,,,LEGO Star Wars III - The Clone Wars,56,71,61,78,No
Heart&Slash,Heart,Heart's Medicine - Hospital Heat,Heart's Medicine - Time to Heal,Heart of the Emberstone: Coliseum,Heart's Medicine Hospital Heat,,,,,,,,,,,,,,,,,Heart,62,100,62,100,Yes
Umbrella Corps,Umbrella Corps /Biohazard Umbrella Corps,Panzer Corps,Contra: Hard Corps,Hard Corps: Uprising,Contra Rogue Corps,,,,,,,,,,,,,,,,,Umbrella Corps /Biohazard Umbrella Corps,52,100,53,100,Yes
Umbrella Corps Deluxe Edition,Umbrella Corps /Biohazard Umbrella Corps,DISTRAINT: Deluxe Edition,Assassin's Creed 2 Deluxe Edition,Agricultural Simulator 2012: Deluxe Edition,Mass Effect: Andromeda Deluxe Edition,,,,,,,,,,,,,,,,,Umbrella Corps /Biohazard Umbrella Corps,58,59,50,74,No
DOOM,DOOM (2016),DOOM,DOOM II,DOOM (25th anniversary),DOOM II (25th anniversary),,,,,,,,,,,,,,,,,DOOM,100,100,100,100,Yes
"Invisible, Inc. Console Edition","Invisible, Inc.",Stellaris: Console Edition,Gone Home: Console Edition,"Invisible, Inc. Contingency Plan",Demolition Inc.,,,,,,,,,,,,,,,,,"Invisible, Inc.",65,100,62,100,Yes
DARK SOULS™ III,Dark Fall 3: Lost Souls,Dark Souls: Remastered,Dark Souls III: Ashes of Ariandel,Dark Souls III: The Ringed City,Dark Souls III,,,,,,,,,,,,,,,,,Dark Souls III,97,93,100,100,Yes
BEB: Super Mega Bundle,Super Mega Baseball: Extra Innings,SUPER MEGA BASEBALL,Mega Man (1987),Mega Man X2,Half Minute Hero: Super Mega Neo Climax Ultimate Boy,,,,,,,,,,,,,,,,,Super Mega Baseball: Extra Innings,50,64,59,65,No
Blast ’Em Bunnies,Blast 'Em Bunnies,Blast Em!,EM: Shader Attack,Blast-off,Bunnies vs. Bunnies,,,,,,,,,,,,,,,,,Blast 'Em Bunnies,94,94,100,100,Yes
The Witch and the Hundred Knight: Revival Edition,The Witch and the Hundred Knight,Driftland: The Magic Revival,Last Knight: Rogue Rider Edition,The Joylancer: Legendary Motor Knight,Night in the Woods,,,,,,,,,,,,,,,,,The Witch and the Hundred Knight,79,100,80,100,Yes
Atualização de Rainbow Moon para PS4™,Rainbow Moon,Juego de Papá para Lisan :),De-Void,Tom Clancy's Rainbow Six,de Blob,,,,,,,,,,,,,,,,,Rainbow Moon,49,100,52,100,Evaluate
Randal’s Monday,Randal's Monday,it's always monday,Yu Escape / Monday,Monday Night Combat,Loot Rascals,,,,,,,,,,,,,,,,,Randal's Monday,93,93,100,100,Yes
Street Fighter™ V,Street Fighter V CFN Beta,Street Fighter Alpha 3 (1998),Street Fighter III: 3rd Strike,Street Fighter II: Champion Edition,Street Fighter V,,,,,,,,,,,,,,,,,Street Fighter V,97,94,100,100,Yes
NARUTO SHIPPUDEN™: Ultimate Ninja® STORM 4,NARUTO SHIPPUDEN: Ultimate Ninja STORM 4,Naruto Shippuden: Ultimate Ninja Storm 2,NARUTO SHIPPUDEN: Ultimate Ninja STORM Revolution,NARUTO SHIPPUDEN: Ultimate Ninja STORM 3,NARUTO SHIPPUDEN: Ultimate Ninja STORM Generations,,,,,,,,,,,,,,,,,NARUTO SHIPPUDEN: Ultimate Ninja STORM 4,98,95,100,100,Yes
LEGO® Marvel’s Avengers Edição de Luxo,LEGO Marvel's Avengers,Marvel’s Avengers,LEGO Marvel's Avengers - Classic Captain Marvel Pack,LEGO Marvel's Avengers - The Avengers Explorer Character Pack,LEGO Marvel Super Heroes,,,,,,,,,,,,,,,,,Marvel’s Avengers,62,100,65,100,Yes
Resident Evil 0,Resident Evil 0 / biohazard 0 HD REMASTER,Resident Evil Zero,Resident Evil: Village,Resident Evil (2002),Resident Evil Revelations,,,,,,,,,,,,,,,,,Resident Evil 0 / biohazard 0 HD REMASTER,54,100,56,100,Yes
Earth Defense Force 4.1: The Shadow of New Despair,EARTH DEFENSE FORCE 4.1 The Shadow of New Despair,Earth Defense Force: Iron Rain,Earth Defense Force: Insect Armageddon,EARTH DEFENSE FORCE 4.1 WINGDIVER THE SHOOTER,Middle-earth: Shadow of Mordor,,,,,,,,,,,,,,,,,EARTH DEFENSE FORCE 4.1 The Shadow of New Despair,99,98,100,100,Yes
BEYOND: Two Souls™,BEYOND: Two Souls,Heavy Rain & Beyond: Two Souls Collection,The Heavy Rain & BEYOND: Two Souls Collection,Demon's Souls,Beyond Divinity,,,,,,,,,,,,,,,,,BEYOND: Two Souls,97,100,100,100,Yes
Resident Evil Revelations 2 Edição de Luxo,Resident Evil Revelations,Resident Evil Revelations 2 / Biohazard Revelations 2,Resident Evil 2,Resident Evil: Revelations 2 - Episode 1: Penal Colony,Resident Evil: Village,,,,,,,,,,,,,,,,,Resident Evil Revelations,75,100,77,100,Yes
Bloodborne™ Complete Edition Bundle,Bloodborne,Nioh: Complete Edition / 仁王 Complete Edition,RollerCoaster Tycoon 3: Complete Edition,Lili: Child of Geos - Complete Edition,Mortal Kombat Komplete Edition,,,,,,,,,,,,,,,,,Bloodborne,44,100,45,100,Evaluate
Resident Evil,Resident Evil (2002),Resident Evil,Resident Evil: Village,Resident Evil Revelations,Resident Evil 6,,,,,,,,,,,,,,,,,Resident Evil,100,100,100,100,Yes
Terraria: PS4™ Edition,Terraria,ProGuide-Terraria edition,Terraria: Otherworld,Test Drive: Ferrari Racing Legends,Daily Chthonicle: Editor's Edition,,,,,,,,,,,,,,,,,Terraria,53,100,57,100,Yes
Battlefield 4™ Premium Edition,Battlefield 4,Dreamscapes: The Sandman - Premium Edition,Dreamscapes: Nightmare's Heir - Premium Edition,Sister’s Secrecy: Arcanum Bloodlines - Premium Edition,Governor of Poker 2 - Premium Edition,,,,,,,,,,,,,,,,,Battlefield 4,60,100,62,100,Yes
Plants vs. Zombies™ Garden Warfare,Plants vs Zombies Garden Warfare,Plants vs. Zombies Garden Warfare 2,Plants vs. Zombies,Plants vs. Zombies Garden Warfare 2 - Frosty,Plants vs. Zombies GOTY Edition,,,,,,,,,,,,,,,,,Plants vs Zombies Garden Warfare,97,94,100,100,Yes
The Last Of Us™ Remastered ,The Last of Us Part II,The Last Of Us Remastered,The Last of Us: Left Behind,The Last Of Us,The Last Remnant Remastered,,,,,,,,,,,,,,,,,The Last Of Us Remastered,96,96,100,100,Yes
Don’t Starve: Console Edition,Stellaris: Console Edition,Gone Home: Console Edition,Don't Starve: Pocket Edition,Don't Starve,Don't Starve: Nintendo Switch Edition,,,,,,,,,,,,,,,,,Don't Starve,54,92,60,100,Yes
LEGO® Marvel™ Super Heroes,LEGO Marvel Super Heroes,Marvel Heroes,LEGO Marvel's Avengers,LEGO Batman 2 DC Super Heroes,Marvel vs. Capcom: Clash of Super Heroes,,,,,,,,,,,,,,,,,LEGO Marvel Super Heroes,96,92,100,100,Yes
Wreckfest - Complete Edition,Wreckfest,Nioh: Complete Edition / 仁王 Complete Edition,RollerCoaster Tycoon 3: Complete Edition,Lili: Child of Geos - Complete Edition,Mortal Kombat Komplete Edition,,,,,,,,,,,,,,,,,Wreckfest,49,100,51,100,Evaluate
MotoGP™20,MotoGP 14,FIFA 20,MotoGP 20,MotoGP 13,MotoGP 15,,,,,,,,,,,,,,,,,MotoGP 20,89,89,100,100,Evaluate
SnowRunner - Premium Edition,SnowRunner,Dreamscapes: The Sandman - Premium Edition,Dreamscapes: Nightmare's Heir - Premium Edition,Sister’s Secrecy: Arcanum Bloodlines - Premium Edition,Governor of Poker 2 - Premium Edition,,,,,,,,,,,,,,,,,SnowRunner,53,100,56,100,Yes
The Surge 1 and 2 - Dual Pack,The Surge 1 & 2 - Dual Pack,The Surge 2,GunZ 2: The Second Duel,The Dream Machine: Chapter 1 & 2,1-2-Switch,,,,,,,,,,,,,,,,,The Surge 1 & 2 - Dual Pack,93,89,92,100,Evaluate
"Conan Exiles – Complete Edition, maio de 2020",Conan Exiles,Nioh: Complete Edition / 仁王 Complete Edition,RollerCoaster Tycoon 3: Complete Edition,Age of Conan: Unchained,Conan,,,,,,,,,,,,,,,,,Conan Exiles,42,100,44,100,Evaluate
Sakura Wars Digital Deluxe Edition,Iron Front: Digital War Edition,Talisman: Digital Edition,Scythe: Digital Edition,Gloom: Digital Edition,DISTRAINT: Deluxe Edition,,,,,,,,,,,,,,,,,Gloom: Digital Edition,57,68,58,83,No
The Last of Us Part II Digital Deluxe Edition,The Last of Us Part II,SpellForce 2 - Demons of the Past,Assassin's Creed 2 Deluxe Edition,Talisman: Digital Edition,Scythe: Digital Edition,,,,,,,,,,,,,,,,,The Last of Us Part II,66,100,66,100,Yes
The Elder Scrolls Online: Greymoor Collector’s Edition,The Elder Scrolls Online: Greymoor,The Elder Scrolls Online: Elsweyr,The Elder Scrolls Online: Morrowind,The Elder Scrolls Online: Tamriel Unlimited,The Elder Scrolls: Blades,,,,,,,,,,,,,,,,,The Elder Scrolls Online: Greymoor,77,100,77,100,Yes
F1 2020 - Deluxe Schumacher Edition,DISTRAINT: Deluxe Edition,F1 2020,F1 2017,F1 2010,Assassin's Creed 2 Deluxe Edition,,,,,,,,,,,,,,,,,F1 2020,33,100,35,100,Evaluate
Edição Deluxe de Captain Tsubasa: Rise of New Champions,Captain Tsubasa: Rise of New Champions,Captain Tsubasa: New Kick Off,Captain Tsubasa: Dream Team,Kaptain Brawe: A Brawe New World,FIVE: Champions of Canaan,,,,,,,,,,,,,,,,,Captain Tsubasa: Rise of New Champions,82,100,83,100,Yes
Rock of Ages 3: Make and Break,Rock of Ages 3: Make & Break,Rock of Ages 2: Bigger & Boulder,Rock of Ages,Guitar Hero 3: Legends of Rock,Ice Age 3 Dawn of the Dinosaurs,,,,,,,,,,,,,,,,,Rock of Ages 3: Make & Break,93,89,93,100,Evaluate
Remnant: From the Ashes – Complete Edition,Remnant: From the Ashes,Nioh: Complete Edition / 仁王 Complete Edition,Mass Effect 3: From Ashes,RollerCoaster Tycoon 3: Complete Edition,Sunset's Ashes,,,,,,,,,,,,,,,,,Remnant: From the Ashes,71,100,72,100,Yes
eFootball PES 2021 SEASON UPDATE ARSENAL EDITION,eFootball PES 2021,eFootball PES 2022,eFootball PES 2020,Pro Evolution Soccer 2011,Pro Evolution Soccer 2012,,,,,,,,,,,,,,,,,eFootball PES 2021,55,100,55,100,Yes
eFootball PES 2021 SEASON UPDATE FC BARCELONA EDITION,eFootball PES 2021,eFootball PES 2022,eFootball PES 2020,Pro Evolution Soccer 2011,Pro Evolution Soccer 2012,,,,,,,,,,,,,,,,,eFootball PES 2021,51,100,51,100,Yes
eFootball PES 2021 SEASON UPDATE FC BAYERN MÜNCHEN EDITION,eFootball PES 2021,eFootball PES 2022,eFootball PES 2020,Pro Evolution Soccer 2011,Pro Evolution Soccer 2012,,,,,,,,,,,,,,,,,eFootball PES 2021,47,100,48,100,Evaluate
eFootball PES 2021 SEASON UPDATE JUVENTUS EDITION,eFootball PES 2021,eFootball PES 2022,eFootball PES 2020,Pro Evolution Soccer 2011,Pro Evolution Soccer 2012,,,,,,,,,,,,,,,,,eFootball PES 2021,54,100,54,100,Yes
eFootball PES 2021 SEASON UPDATE MANCHESTER UNITED EDITION,eFootball PES 2021,eFootball PES 2022,Manchester United (Old),eFootball PES 2020,Manchester United: The Double,,,,,,,,,,,,,,,,,eFootball PES 2021,47,100,47,100,Evaluate
Black Desert: Conqueror Edition,Black Desert Online,SanctuaryRPG: Black Edition,Painkiller: Black Edition,Conqueror's Blade,Zero Reflex: Black Eye Edition,,,,,,,,,,,,,,,,,Black Desert Online,68,79,61,77,No
Black Desert: Explorer Edition,Black Desert Online,SanctuaryRPG: Black Edition,Painkiller: Black Edition,Zero Reflex: Black Eye Edition,Penumbra: Black Plague Gold Edition,,,,,,,,,,,,,,,,,Black Desert Online,65,74,71,77,No
Black Desert: Traveler Edition,Black Desert Online,SanctuaryRPG: Black Edition,Painkiller: Black Edition,Octopath Traveler,Zero Reflex: Black Eye Edition,,,,,,,,,,,,,,,,,Black Desert Online,65,74,71,77,No
Skully,Skully(itch),Skully,Sally Face,Bully: Scholarship Edition,Frayed Knights: The Skull of S'makh-Daon,,,,,,,,,,,,,,,,,Skully,100,100,100,100,Yes
Train Sim World® 2,Train Sim World: CSX Heavy Haul,Train Sim World,Trainz: Murchison 2,Small World 2,Prime World: Defenders 2,,,,,,,,,,,,,,,,,Train Sim World,91,100,94,100,Yes
Railway Empire - Complete Collection,Railway Empire – Complete Collection,Age of Empires III: Complete Collection,Railway Empire,Railway Empire - Germany,Railway Empire - France,,,,,,,,,,,,,,,,,Railway Empire – Complete Collection,97,97,100,100,Yes
VELOZES E FURIOSOS ENCRUZILHADA,Gon' E-Choo!,Gal-X-E,E-Sport Manager,WALL-E: The Video Game,Garfield Kart - Furious Racing,,,,,,,,,,,,,,,,,Gon' E-Choo!,23,33,34,39,No
New Super Lucky’s Tale,New Super Lucky's Tale,Super Lucky's Tale,Lucky's Tale,New Super Mario Bros.,New Super Mario Bros. Wii,,,,,,,,,,,,,,,,,New Super Lucky's Tale,95,95,100,100,Yes
FUSER™ VIP Edition,Fuser,Fuse,Daily Chthonicle: Editor's Edition,Nearwood - Collector's Edition,Catan: Creator's Edition,,,,,,,,,,,,,,,,,Fuser,43,100,45,100,Evaluate
FUSER™,Fuser,Fuse,FUSED (itch),H-Fuse,"Hello, User.",,,,,,,,,,,,,,,,,Fuser,91,100,100,100,Yes
The Walking Dead Onslaught: Digital Deluxe,OVERKILL's The Walking Dead,The Walking Dead: Michonne,The Escapists: The Walking Dead,The Walking Dead: Season 1,The Walking Dead: Survival Instinct,,,,,,,,,,,,,,,,,OVERKILL's The Walking Dead,46,59,65,74,No
Motorbike Racing Bundle,Motorbike Racing - Moto Racer,Motorbike.,Blocky Motorbikes . Crazy GP Motorbike Racing Game,A.I.M. Racing,Beach Water Surfer Bike Racing - Motorbike Riding,,,,,,,,,,,,,,,,,Motorbike.,55,90,56,100,Evaluate
Warface: Breakout – Edição Definitiva,Warface: Breakout,Warface 2017: Türkiye,Warface: Ice Breaker,Warface,Armored Warfare,,,,,,,,,,,,,,,,,Warface: Breakout,63,100,67,100,Yes
Let’s Sing Queen,Let's Sing Queen,Let's Sing,Let's Sing 2016,Sing-Song Ding-Dong,Let's Swing,,,,,,,,,,,,,,,,,Let's Sing Queen,94,94,100,100,Yes
Dead by Daylight: Special Edition,Dead by Daylight: Clicker,Dead by Daylight,Jade Empire: Special Edition,Lords of Magic: Special Edition,Killer is Dead - Nightmare Edition,,,,,,,,,,,,,,,,,Dead by Daylight,65,100,67,100,Yes
Jurassic World Evolution: Edição Jurassic Park,Jurassic World Evolution,Jurassic Park: The Game,LEGO Jurassic World,Jurassic World Evolution: Dinosaur Collection,Jurassic World Evolution: Expansion Collection,,,,,,,,,,,,,,,,,Jurassic World Evolution,69,100,72,100,Yes
Macrotis: A Mother’s Journey,Macrotis: A Mother's Journey,Two Brothers: A Lovely Journey,Robinson: The Journey,LEAVES - The Journey,Brothers: A Tale of Two Sons,,,,,,,,,,,,,,,,,Macrotis: A Mother's Journey,96,96,100,100,Yes
DOOM Eternal: Year One Pass (Standalone),DOOM Eternal: Year One Pass,DOOM Eternal,Phoenix Point: Year One Edition,Redemption: Eternal Quest,Doom Eternal: The Ancient Gods - Part One,,,,,,,,,,,,,,,,,DOOM Eternal: Year One Pass,81,100,83,100,Yes
Battlefield™ V Edição Definitiva,Battlefield V,Battlefield: Bad Company,Battlefield 2: Modern Combat,Battlefield: Bad Company 2,Battlefield: Bad Company 2 - Vietnam,,,,,,,,,,,,,,,,,Battlefield V,58,92,62,100,Yes
The Legend of Heroes: Trails of Cold Steel IV Digital Deluxe Edition,The Legend of Heroes VIII: Trails of Cold Steel,The Legend of Heroes: Trails of Cold Steel III,The Legend of Heroes VIII: Trails of Cold Steel II,The Legend of Heroes: Trails of Cold Steel IV,The Legend of Heroes: Trails of Cold Steel III Preorder,,,,,,,,,,,,,,,,,The Legend of Heroes: Trails of Cold Steel III,81,96,77,95,Yes
Just Dance® 2021,Just Dance 2020,Just Dance Kids,Just Dance 2018,Just Dance 2015,Just Dance 2014,,,,,,,,,,,,,,,,,Just Dance 2020,90,93,93,93,Evaluate
Santa’s Xmas Adventure,Santa's Xmas Adventure,Santa Rush-Xmas Adventure,Santa's Xmas Caper,Santa's XMas Run,Santa's Adventure,,,,,,,,,,,,,,,,,Santa's Xmas Adventure,95,95,100,100,Yes
Fishing Sim World: Bass Pro Shops Edition,Bass Pro Shops: The Strike,Bass Pro Shops: The Hunt,Fishing Sim World: Pro Tour + Giant Carp Pack,Bass Masters Classic: Pro Edition,Mass Effect: Legendary Edition,,,,,,,,,,,,,,,,,Bass Pro Shops: The Strike,54,75,55,72,No
Söldner-X 2: Final Prototype Definitive Edition,Söldner-X 2: Final Prototype,Soldner-X 2: Final Prototype,Soldner-X: Himmelssturmer,FINAL FANTASY X/X-2 HD Remaster,Mafia II: Definitive Edition,,,,,,,,,,,,,,,,,Söldner-X 2: Final Prototype,75,100,73,100,Yes
Dying Light Anniversary Edition,Dying Light: The Following - Enhanced Edition,Night Trap - 25th Anniversary Edition,Dying Light: The Following,Ankh - Anniversary Edition,Dying Light: Bad Blood,,,,,,,,,,,,,,,,,Ankh - Anniversary Edition,77,81,69,88,Evaluate
Let’s Sing 2021 - Platinum Edition,SpellForce - Platinum Edition,Let's Sing 2021,Let's Sing 2020,F.E.A.R. Platinum,Farming Simulator 2011: Platinum Edition,,,,,,,,,,,,,,,,,Let's Sing 2021,57,93,64,100,Yes
"Pacote Assassin’s Creed®: Assassin’s Creed® Valhalla, Assassin’s Creed® Odyssey e Assassin’s Creed® Origins",Assassin's Creed Odyssey,Assassin's Creed Valhalla,Assassin's Creed Origins,Assassin's Creed,Assassin's Creed Unity,,,,,,,,,,,,,,,,,Assassin's Creed,24,94,27,100,Evaluate
Fishing Sim World: Pro Tour + The Catch: Carp and Coarse,Fishing Sim World: Pro Tour + The Catch: Carp & Coarse,Fishing Sim World: Pro Tour + Giant Carp Pack,The Catch: Carp and Coarse,The Catch: Carp & Coarse,roulettemin pro: world tour,,,,,,,,,,,,,,,,,Fishing Sim World: Pro Tour + The Catch: Carp & Coarse,96,94,96,100,Yes
Ys IX: Monstrum Nox Digital Deluxe Edition,Ys IX: Monstrum Nox,Talisman: Digital Edition,Scythe: Digital Edition,Gloom: Digital Edition,DISTRAINT: Deluxe Edition,,,,,,,,,,,,,,,,,Ys IX: Monstrum Nox,62,100,61,100,Yes
DiRT Rally® PLUS PLAYSTATION®VR BUNDLE,DiRT Rally 2.0,DiRT Rally,DiRT,TERA: PlayStation Plus Pack,DiRT 2,,,,,,,,,,,,,,,,,DiRT Rally,42,100,43,100,Evaluate
NASCAR Heat 5 - Ultimate Edition,Blasting Agent: Ultimate Edition,NASCAR Heat 4,Dragon Age: Origins - Ultimate Edition,Gears of War: Ultimate Edition,Fallout: New Vegas - Ultimate Edition,,,,,,,,,,,,,,,,,NASCAR Heat 4,53,92,56,92,Evaluate
The Catch: Carp and Coarse - Collector’s Edition,The Catch: Carp and Coarse,The Catch: Carp & Coarse,Nearwood - Collector's Edition,The Last Door - Collector's Edition,Bear With Me - Collector's Edition,,,,,,,,,,,,,,,,,The Catch: Carp and Coarse,70,100,71,100,Yes
NHL™ 21 Deluxe Edition,NHL 21,DISTRAINT: Deluxe Edition,Assassin's Creed 2 Deluxe Edition,Agricultural Simulator 2012: Deluxe Edition,Mass Effect: Andromeda Deluxe Edition,,,,,,,,,,,,,,,,,Assassin's Creed 2 Deluxe Edition,65,79,63,80,No
NHL™ 21 Great Eight Edition,NHL 21,FIGHT NIGHT CHAMPION,FIFA 21,Madden NFL 21,Night Trap - 25th Anniversary Edition,,,,,,,,,,,,,,,,,FIFA 21,18,43,30,44,No
UFC® 4 Edição Deluxe,UFC 4,UFC: Throwdown,SimCity 4 Deluxe Edition,RollerCoaster Tycoon: Deluxe,Kirby: Triple Deluxe,,,,,,,,,,,,,,,,,RollerCoaster Tycoon: Deluxe,42,45,50,52,No
Atelier Mysterious Trilogy Deluxe Pack,AGON - The Mysterious Codex (Trilogy),Atelier Sophie: The Alchemist of the Mysterious Book,RIP - Trilogy,Atelier Dusk Trilogy Deluxe Pack,Metroid Prime: Trilogy,,,,,,,,,,,,,,,,,Atelier Dusk Trilogy Deluxe Pack,86,78,86,92,Evaluate
Can’t Drive This,Can't Drive This,Neon Drive,Drive-By Hero,VALKYRIE DRIVE -BHIKKHUNI,Drive!Drive!Drive!,,,,,,,,,,,,,,,,,Can't Drive This,94,94,100,100,Yes
"SWORD ART ONLINE: Alicization Lycoris, Edição Deluxe",SWORD ART ONLINE: Alicization Lycoris,Sword Art Online: Hollow Realization Deluxe Edition,Accel World VS. Sword Art Online Deluxe Edition,SWORD ART ONLINE: Hollow Realization,Sword Art Online -Hollow Fragment,,,,,,,,,,,,,,,,,SWORD ART ONLINE: Alicization Lycoris,83,100,86,100,Yes
Gal*Gun: Double Peace - Complete Edition,Gal Gun: Double Peace,Gal*Gun: Double Peace - 'Pheromone Z' Item,Nioh: Complete Edition / 仁王 Complete Edition,Gal*Gun 2,RollerCoaster Tycoon 3: Complete Edition,,,,,,,,,,,,,,,,,Gal Gun: Double Peace,66,95,70,100,Yes
Let’s Sing 2020 Platinum Edition,SpellForce - Platinum Edition,Let's Sing 2020,Let's Sing 2021,F.E.A.R. Platinum,Alex Hunter - Lord of the Mind Platinum Edition,,,,,,,,,,,,,,,,,Let's Sing 2020,60,93,64,100,Yes
Let’s Sing 2020,Let's Sing 2020,Let's Sing 2021,Let's Sing,Let's Sing 2016,THE KING OF FIGHTERS 2000,,,,,,,,,,,,,,,,,Let's Sing 2020,93,93,100,100,Yes
RIDE 4 - Special Edition PS4 and PS5,Back 4 Blood: PS4 and PS5,Dracula 4 and 5 - Special,Devil May Cry 4: Special Edition,RIDE 4 PS4 and PS5,Jade Empire: Special Edition,,,,,,,,,,,,,,,,,RIDE 4 PS4 and PS5,67,72,69,100,Evaluate
OVERPASS Deluxe Edition,DISTRAINT: Deluxe Edition,Assassin's Creed 2 Deluxe Edition,Agricultural Simulator 2012: Deluxe Edition,Mass Effect: Andromeda Deluxe Edition,Paranautical Activity: Deluxe Atonement Edition,,,,,,,,,,,,,,,,,Agricultural Simulator 2012: Deluxe Edition,55,74,52,76,No
NAMCO MUSEUM® ARCHIVES Vol 2,Namco Museum Vol. 2,Namco Museum Vol. 3,Namco Museum Vol. 5,Namco Museum Vol. 1,Namco Museum Vol. 4,,,,,,,,,,,,,,,,,Namco Museum Vol. 2,77,68,80,100,Evaluate
Fishing Sim World®: Pro Tour - Collector’s Edition,Fishing Sim World: Pro Tour + Giant Carp Pack,Nearwood - Collector's Edition,Fishing Sim World: Pro Tour + The Catch: Carp & Coarse,Bear With Me - Collector's Edition,Ghost Encounters: Deadwood - Collector's Edition,,,,,,,,,,,,,,,,,Nearwood - Collector's Edition,62,80,62,81,No
Scott Pilgrim vs. The World™: The Game – Complete Edition,Scott Pilgrim vs. The World: The Game – Complete Edition,Scott Pilgrim vs. the World: The Game,SCOTT PILGRIM THE GAME,Scott Pilgrim vs. Street Fighter,Nioh: Complete Edition / 仁王 Complete Edition,,,,,,,,,,,,,,,,,Scott Pilgrim vs. The World: The Game – Complete Edition,99,98,100,100,Yes
Gal*Gun 2 - Complete Edition,Gal Gun: Double Peace,Gal*Gun 2,Nioh: Complete Edition / 仁王 Complete Edition,Trine 2: Complete Story,RollerCoaster Tycoon 3: Complete Edition,,,,,,,,,,,,,,,,,Gal*Gun 2,49,100,51,100,Evaluate
BioShock Infinite: The Complete Edition,Nioh: Complete Edition / 仁王 Complete Edition,BioShock Infinite,BioShock Infinite: Burial at Sea - Episode Two,BioShock: The Collection,BioShock Infinite: Burial at Sea - Episode One,,,,,,,,,,,,,,,,,BioShock Infinite,61,100,62,100,Yes
TT Isle of Man: Ride on the Edge 2,TT Isle of Man - Ride on the Edge,TT Isle of Man,Spider-Man: Edge of Time,TT Isle of Man Ride on the Edge 2,Spider-Man 2,,,,,,,,,,,,,,,,,TT Isle of Man Ride on the Edge 2,99,97,100,100,Yes
Tom Clancy’s The Division® Franchise Bundle,Tom Clancy’s The Division,Tom Clancy’s The Division 2,Tom Clancy's The Division - Underground,Tom Clancy’s The Division - Survival,Tom Clancy's H.A.W.X.,,,,,,,,,,,,,,,,,Tom Clancy’s The Division,74,100,75,100,Yes
The Crew® 2,The Crew 2,The Crew,Star Trek: Bridge Crew,Brew Crew! - Bonfire Jam,The Crow's Eye,,,,,,,,,,,,,,,,,The Crew 2,95,90,100,100,Evaluate
ONE PUNCH MAN: A HERO NOBODY KNOWS Edição Deluxe,One Punch Man: A Hero Nobody Knows,One Punch Man: Road To Hero,One Finger Death Punch,One-Punch Man:Road to Hero 2.0,Nobody Knows - Spooktober Jam,,,,,,,,,,,,,,,,,One Punch Man: A Hero Nobody Knows,83,100,85,100,Yes
Knightin’+,Knightin',Knightin'+,Portal Knights,Batman: Gotham Knights,Hollow Knight,,,,,,,,,,,,,,,,,Knightin'+,90,90,100,100,Evaluate
CHUBBY PIXEL MEGA BUNDLE,Mega Man (1987),Pixel Worlds,Mega Man X2,Mega Man 9(2008),A Pixel Story,,,,,,,,,,,,,,,,,Mega Man (1987),31,40,32,47,No
DRAGON BALL Z: KAKAROT - Edição de Luxo,Dragon Ball Z: Kakarot,Dragon Ball Z: Budokai,Dragon Ball Z: Battle of Z,Dragon Ball Z: Budokai 3,Dragon Ball Z: Budokai Tenkaichi 2,,,,,,,,,,,,,,,,,Dragon Ball Z: Kakarot,72,100,76,100,Yes
Graveyard Keeper Collector’s Edition,Nearwood - Collector's Edition,Graveyard Keeper,Bear With Me - Collector's Edition,Ghost Encounters: Deadwood - Collector's Edition,The Last Door - Collector's Edition,,,,,,,,,,,,,,,,,Graveyard Keeper,62,100,62,100,Yes
STEINS;GATE: My Darling’s Embrace,STEINS;GATE,STEINS;GATE 0,STEINS;GATE: Linear Bounded Phenogram,STEINS;GATE ELITE,Stein's Plan,,,,,,,,,,,,,,,,,STEINS;GATE,50,100,51,100,Evaluate
Pacote RV de Espire 1: VR Operative e Killing Floor: Incursion,Killing Floor: Incursion,Espire 1: VR Operative,Killing Floor - Toy Master,Killing Floor,Fairyland: Incursion,,,,,,,,,,,,,,,,,Killing Floor: Incursion,56,100,55,100,Yes
Woodle Tree 2: Deluxe+,Woodle Tree 2: Deluxe,Woodle Tree 2: Deluxe+,Woodle Tree 2: Worlds,Assassin's Creed 2 Deluxe Edition,Mahjong Deluxe 2: Astral Planes,,,,,,,,,,,,,,,,,Woodle Tree 2: Deluxe+,100,100,100,100,Yes
Farmer’s Dynasty,Farmer's Dynasty,The Deed: Dynasty,DYNASTY WARRIORS 9,Dynasty Warriors 8: Xtreme Legends,Medieval Dynasty,,,,,,,,,,,,,,,,,Farmer's Dynasty,94,94,100,100,Yes
Need for Speed™ Heat Edição Deluxe,Need for Speed Heat,Need for Speed: ProStreet,Need for Speed,Need for Speed: Shift,Need for Speed: Underground,,,,,,,,,,,,,,,,,Need for Speed,58,100,62,100,Yes
MediEvil,MediEvil (1998),Medievil,MediEvil 2,MediEvil (2019),MediEvil Resurrection,,,,,,,,,,,,,,,,,Medievil,100,100,100,100,Yes
MediEvil - Digital Deluxe,MediEvil (1998),Cossacks 3: Digital Deluxe,Talisman: Digital Edition,RollerCoaster Tycoon: Deluxe,Kirby: Triple Deluxe,,,,,,,,,,,,,,,,,MediEvil (1998),45,60,50,76,No
WWE 2K20 Deluxe Edition,DISTRAINT: Deluxe Edition,WWE 2K20,Assassin's Creed 2 Deluxe Edition,Agricultural Simulator 2012: Deluxe Edition,NBA 2K20,,,,,,,,,,,,,,,,,WWE 2K20,52,100,52,100,Yes
YU-NO: A girl who chants love at the bound of this world.,YU-NO: A girl who chants love at the bound of this world,YU-NO,At World’s End,A World of Keflings,Yu-Gi-Oh! Legacy of the Duelist,,,,,,,,,,,,,,,,,YU-NO: A girl who chants love at the bound of this world,99,100,100,100,Yes
WRC 8 Deluxe Edition FIA World Rally Championship,WRC 4 FIA World Rally Championship,WRC 7 FIA World Rally Championship,WRC: FIA World Rally Championship,WRC: FIA World Rally Championship (2006),WRC: FIA World Rally Championship Arcade,,,,,,,,,,,,,,,,,WRC: FIA World Rally Championship,78,88,79,100,Evaluate
Train Sim World® 2020 Deluxe Edition,Train Sim World: CSX Heavy Haul,Mystery Masters: Psycho Train Deluxe Edition,DISTRAINT: Deluxe Edition,Train Sim World,Accel World VS. Sword Art Online Deluxe Edition,,,,,,,,,,,,,,,,,Train Sim World,59,100,60,100,Yes
Edna and Harvey: Harvey’s New Eyes,Edna & Harvey: Harvey's New Eyes,Edna & Harvey: The Breakout,Edna & Harvey: The Breakout - Anniversary Edition,Harvey's Hundreds,Iron Harvest,,,,,,,,,,,,,,,,,Edna & Harvey: Harvey's New Eyes,91,88,94,100,Evaluate
The Savior’s Gang - Blessed Edition,The Savior's Gang,Jack's Gang,Gang Beasts,Tree of Savior (English Ver.),Barony: Blessed Addition,,,,,,,,,,,,,,,,,The Savior's Gang,62,94,68,100,Yes
DOOM (1993),DOOM (25th anniversary),Final DOOM,DOOM II,Kirby's Adventure (1993),DOOM (2016),,,,,,,,,,,,,,,,,Kirby's Adventure (1993),46,64,39,62,No
DOOM II (Classic),DOOM II (25th anniversary),DOOM II,Master Levels for Doom II,DOOM (2016),Ultimate Doom,,,,,,,,,,,,,,,,,DOOM II,58,100,64,100,Yes
Wolfenstein: Cyberpilot ,Wolfenstein: Cyberpilot,Wolfenstein: Youngblood,Wolfenstein: The New Order,Wolfenstein,Wolfenstein 2: The New Colossus,,,,,,,,,,,,,,,,,Wolfenstein: Cyberpilot,98,100,100,100,Yes
DRAGON QUEST BUILDERS 2 Digital Deluxe Edition,Assassin's Creed 2 Deluxe Edition,Dragon Quest Builders 2,Talisman: Digital Edition,DRAGON QUEST BUILDERS,Dragon Quest (1986),,,,,,,,,,,,,,,,,Dragon Quest Builders 2,67,100,67,100,Yes
Tennis World Tour: Roland-Garros Edition,Tennis World Tour,Virtua Tennis: World Tour,Roland Garros 2005: Powered by Smash Court Tennis,Airport Madness: World Edition,Table Top Racing: World Tour,,,,,,,,,,,,,,,,,Tennis World Tour,60,100,61,100,Yes
Bird Game +,Bird Game...,Bird Game,The King's Bird,Bird Game +,Flappy Bird: The Bird Game,,,,,,,,,,,,,,,,,Bird Game...,78,82,100,100,Evaluate
Space Hulk Bundle,Space Hulk: Tactics,SPACE HULK ASCENSION,Space Hulk: Deathwing,The Hulk,Space Hulk: Deathwing - Enhanced Edition,,,,,,,,,,,,,,,,,Space Hulk: Deathwing - Enhanced Edition,49,76,52,74,No
Suicide Guy Bundle,Suicide Guy: Sleepin' Deeply,Suicide Guy,Family Guy: BTTM,Family Guy: Back to the Multiverse,Mr. Suicide,,,,,,,,,,,,,,,,,Suicide Guy,76,100,76,100,Yes
Our World is Ended.,Our World Is Ended,Our Nation's Miner,! That Bastard Is Trying To Steal Our Gold !,Scarface: The World Is Yours,At World’s End,,,,,,,,,,,,,,,,,Our World Is Ended,97,100,100,100,Yes
World War Z,World War Z (2019),Z End: World War,RAID: World War II,Heroes Mobile: World War Z,Z (1996),,,,,,,,,,,,,,,,,Z End: World War,67,90,85,100,Evaluate
EARTH DEFENSE FORCE:IRON RAIN,Earth Defense Force: Iron Rain,Earth Defense Force: Insect Armageddon,Defend Earth: Rogue Defender,Defense corp - Earth,EARTH DEFENSE FORCE 4.1 The Shadow of New Despair,,,,,,,,,,,,,,,,,Earth Defense Force: Iron Rain,98,97,100,100,Yes
Generation Zero®,Generation Zero (2019),Agarest: Generations of War Zero,Generation Zero (2010),Sonic Generations,Hero Zero,,,,,,,,,,,,,,,,,Generation Zero (2019),79,94,86,100,Yes
The Legend of Heroes: Trails of Cold Steel,The Legend of Heroes VIII: Trails of Cold Steel,The Legend of Heroes: Trails of Cold Steel III,The Legend of Heroes VIII: Trails of Cold Steel II,The Legend of Heroes: Trails of Cold Steel IV,The Legend of Heroes: Trails of Cold Steel III Preorder,,,,,,,,,,,,,,,,,The Legend of Heroes: Trails of Cold Steel IV,97,100,96,100,Yes
LEFT ALIVE™ DAY ONE EDITION,LEFT ALIVE,Day One: Garry's Incident,Sunrider: Liberation Day - Captain's Edition,Left in the Dark: No One on Board,Phoenix Point: Year One Edition,,,,,,,,,,,,,,,,,LEFT ALIVE,54,100,56,100,Yes
Anthem™ Edição Standard,Anthem,Erica,Starward Rogue,P.A.C. MAN Standard,Cognition: An Erica Reed Thriller,,,,,,,,,,,,,,,,,Anthem,41,100,46,100,Evaluate
STEINS;GATE ELITE,STEINS;GATE,STEINS;GATE 0,STEINS;GATE: Linear Bounded Phenogram,STEINS;GATE ELITE,Stein's Plan,,,,,,,,,,,,,,,,,STEINS;GATE ELITE,100,100,100,100,Yes
Suicide Guy: Sleepin’ Deeply,Suicide Guy: Sleepin' Deeply,Suicide Guy,Family Guy: BTTM,Sleepin' Guy,Family Guy: Back to the Multiverse,,,,,,,,,,,,,,,,,Suicide Guy: Sleepin' Deeply,96,96,100,100,Yes
Fishing Sim World: Pro Tour + Quad Lake Pass,Fishing Sim World: Pro Tour + Giant Carp Pack,Fishing Sim World + Quad Lake Pass,Fishing Sim World: Pro Tour + The Catch: Carp & Coarse,roulettemin pro: world tour,Table Top Racing: World Tour,,,,,,,,,,,,,,,,,Fishing Sim World + Quad Lake Pass,87,71,88,100,Evaluate
Warhammer: Vermintide 2 - Edição Premium ,Warhammer: Vermintide 2,Warhammer: End Times - Vermintide,Warhammer: Vermintide VR - Hero Trials,Warhammer: Vermintide 2 - Shadows Over Bögenhafen,Total War: WARHAMMER II,,,,,,,,,,,,,,,,,Warhammer: Vermintide 2,72,100,77,100,Yes
Déraciné,Deracine,Déraciné,TERATINE,Shards of Eradine,PaperPlanes (samuel demaine),,,,,,,,,,,,,,,,,Déraciné,100,100,100,100,Yes
Call of Cthulhu®,Call of Cthulhu: Prisoner of Ice,Call of Cthulhu: Shadow of the Comet,Call of Cthulhu: The Wasted Land,Call of Cthulhu: Dark Corners of the Earth,Call of Cthulhu,,,,,,,,,,,,,,,,,Call of Cthulhu,97,100,100,100,Yes
For Honor® Marching Fire™ Edition,For Honor,Medal of Honor,Knights of Honor,Medal of Honor: Underground,Medal of Honor: Frontline,,,,,,,,,,,,,,,,,For Honor,43,100,45,100,Evaluate
The Surge - Augmented Edition,The Surge,Surge,The Surge 2,Surge Deluxe,The Manhole: Masterpiece Edition,,,,,,,,,,,,,,,,,The Surge,47,100,50,100,Evaluate
Assassin’s Creed® Odyssey Deluxe Edition,Assassin's Creed Odyssey,Assassin's Creed 2 Deluxe Edition,Assassin's Creed,Assassin's Creed: Director's Cut Edition,Assassin's Creed Unity,,,,,,,,,,,,,,,,,Assassin's Creed 2 Deluxe Edition,85,73,86,97,Evaluate
Assassin’s Creed® Odyssey Ultimate Edition,Assassin's Creed Odyssey,Assassin's Creed,Assassin's Creed: Director's Cut Edition,Assassin's Creed Unity,Assassin's Creed: Bloodlines,,,,,,,,,,,,,,,,,Assassin's Creed,52,94,56,100,Yes
Fishing Sim World®: Pro Tour Deluxe Edition,Fishing Sim World: Pro Tour + Giant Carp Pack,Fishing Sim World: Pro Tour + The Catch: Carp & Coarse,DISTRAINT: Deluxe Edition,Accel World VS. Sword Art Online Deluxe Edition,roulettemin pro: world tour,,,,,,,,,,,,,,,,,roulettemin pro: world tour,40,52,48,70,No
V-Rally 4 Ultimate Edition ,V-Rally 4,V-Rally (1997),Blasting Agent: Ultimate Edition,Cally's Caves 4,WRC 4 FIA World Rally Championship,,,,,,,,,,,,,,,,,V-Rally 4,50,100,51,100,Evaluate
SNK HEROINES Tag Team Frenzy,SNK Heroines: Tag Team Frenzy,Tag-Team Defense,American Tag-Team Wrestling,Capcom vs. SNK 2,Crash Tag Team Racing,,,,,,,,,,,,,,,,,SNK Heroines: Tag Team Frenzy,98,96,100,100,Yes
Fire Pro Wrestling World Deluxe Edition,Fire Pro Wrestling (Old),Fire Pro Wrestling World,DISTRAINT: Deluxe Edition,Accel World VS. Sword Art Online Deluxe Edition,Wrassling - Wacky Wrestling,,,,,,,,,,,,,,,,,Fire Pro Wrestling World,76,100,76,100,Yes
Terra-média™: Sombras da Guerra™ Edição Definitiva,Harmonikharath - Terras da Dissonância Sombria,PT - Protetor da terra,Sacra Terra: Angelic Night,Terra-Firma,Terra Inc.,,,,,,,,,,,,,,,,,Sacra Terra: Angelic Night,39,50,46,46,No
"Warhammer 40,000: Inquisitor - Martyr | Imperium edition","Warhammer 40,000: Inquisitor - Martyr","Warhammer 40,000: Inquisitor - Prophecy","Warhammer 40,000: Inquisitor - Martyr Complete Collection","Warhammer 40,000: Inquisitor - Martyr Complete Upgrade Pack","Warhammer 40,000: Deathwatch - Enhanced Edition",,,,,,,,,,,,,,,,,"Warhammer 40,000: Inquisitor - Martyr",80,100,80,100,Yes
THE KING OF FIGHTERS™ COLLECTION: THE OROCHI SAGA,THE KING OF FIGHTERS Collection: The Orochi Saga,THE KING OF FIGHTERS 2000,THE KING OF FIGHTERS 2002,THE KING OF FIGHTERS '97,The King of Fighters XIV,,,,,,,,,,,,,,,,,THE KING OF FIGHTERS Collection: The Orochi Saga,99,98,100,100,Yes
LEGO® Os Incríveis,LEGO The Hobbit,LEGO Batman,LEGO Racers,LEGO The Incredibles,LEGO Marvel's Avengers,,,,,,,,,,,,,,,,,LEGO Batman,41,55,44,53,No
Shaq-Fu: A Legend Reborn,Shaq Fu: A Legend Reborn,Kung Fu Panda: Showdown of Legendary Legends,Captain Legend: Reborn,Shaq Fu,The Dolls: Reborn,,,,,,,,,,,,,,,,,Shaq Fu: A Legend Reborn,96,96,100,100,Yes
Yoku’s Island Express,Yoku's Island Express,Sinking Island,Adventure Island (1986),Dead Island Riptide,Dead Island: Epidemic,,,,,,,,,,,,,,,,,Yoku's Island Express,95,95,100,100,Yes
PixelJunk™ Monsters 2,PixelJunk Monsters Ultimate,PixelJunk Monsters 2,Monster Prom 2: Monster Camp,PixelJunk Shooter 2,A Monster's Expedition,,,,,,,,,,,,,,,,,PixelJunk Monsters 2,98,95,100,100,Yes
PixelJunk™ Monsters 2 Deluxe Edition,PixelJunk Monsters Ultimate,PixelJunk Monsters 2,Assassin's Creed 2 Deluxe Edition,Mystery Masters: Psycho Train Deluxe Edition,DISTRAINT: Deluxe Edition,,,,,,,,,,,,,,,,,PixelJunk Monsters 2,71,95,73,100,Yes
Euro Fishing: Ultimate Edition,Euro Fishing,Ultimate Fishing,Blasting Agent: Ultimate Edition,Dragon Age: Origins - Ultimate Edition,Gears of War: Ultimate Edition,,,,,,,,,,,,,,,,,Euro Fishing,57,100,59,100,Yes
Tennis World Tour - Legends Edition,Tennis World Tour,Virtua Tennis: World Tour,WORLD OF WARSHIPS: LEGENDS,Airport Madness: World Edition,Table Top Racing: World Tour,,,,,,,,,,,,,,,,,Tennis World Tour,65,100,68,100,Yes
Call of Duty®: WWII - Edição Ouro,Call of Duty: WWII,Call of Duty,Call of Duty: Ghosts,Call of Duty: Mobile,Call of Duty: Warzone,,,,,,,,,,,,,,,,,Call of Duty,53,100,62,100,Yes
Assetto Corsa Ultimate Edition,Assetto Corsa Competizione,Assetto Corsa,Blasting Agent: Ultimate Edition,Dragon Age: Origins - Ultimate Edition,Gears of War: Ultimate Edition,,,,,,,,,,,,,,,,,Assetto Corsa,60,100,60,100,Yes
THE KING OF FIGHTERS ’97 GLOBAL MATCH,THE KING OF FIGHTERS '97 GLOBAL MATCH,THE KING OF FIGHTERS '97,THE KING OF FIGHTERS '98 ULTIMATE MATCH,THE KING OF FIGHTERS 2000,THE KING OF FIGHTERS 2002,,,,,,,,,,,,,,,,,THE KING OF FIGHTERS '97 GLOBAL MATCH,97,97,100,100,Yes
THE KING OF FIGHTERS™ ’98 ULTIMATE MATCH,THE KING OF FIGHTERS '98 ULTIMATE MATCH,THE KING OF FIGHTERS '98,THE KING OF FIGHTERS 2000,THE KING OF FIGHTERS 2002,The King of Fighters XIV,,,,,,,,,,,,,,,,,THE KING OF FIGHTERS '98 ULTIMATE MATCH,96,95,100,100,Yes
Warhammer Vermintide - The Ultimate Edition,Warhammer: Vermintide 2,Warhammer: End Times - Vermintide,Warhammer: Vermintide VR - Hero Trials,Into the Dark: Ultimate Trash Edition,"Warhammer 40,000: Deathwatch - Enhanced Edition",,,,,,,,,,,,,,,,,Warhammer: Vermintide 2,64,91,67,95,Evaluate
Euro Fishing: Castle Edition,Euro Fishing,Ultimate Fishing,Battle Fantasia -Revised Edition,Dead Rising 3 Apocalypse Edition,Euro Fishing: Foundry Dock + Season Pass,,,,,,,,,,,,,,,,,Euro Fishing,60,100,62,100,Yes
TT Isle of Man: Ride on the Edge,TT Isle of Man - Ride on the Edge,TT Isle of Man,Spider-Man: Edge of Time,TT Isle of Man Ride on the Edge 2,KRUM - Edge Of Darkness,,,,,,,,,,,,,,,,,TT Isle of Man - Ride on the Edge,95,94,100,100,Yes
Bleed Complete Bundle,Bleed,Bleed 2,Alien Breed: Impact,Victoria I Complete,Nioh: Complete Edition / 仁王 Complete Edition,,,,,,,,,,,,,,,,,Bleed,38,100,38,100,Evaluate
SHADOW OF THE COLOSSUS,Shadow of the Colossus (2011),Shadow of the Colossus,Shadow of the Colossus  (2018),The ICO & Shadow of the Colossus Collection,Wolfenstein 2: The New Colossus,,,,,,,,,,,,,,,,,Shadow of the Colossus,100,100,100,100,Yes
Digimon Story: Cyber Sleuth - Hacker’s Memory,Digimon Story Cyber Sleuth: Hacker’s Memory,Digimon Story Cyber Sleuth: Complete Edition,DIGIMON STORY CYBER SLEUTH,Cyber-Sleuth,Cyber Hacker 1.3,,,,,,,,,,,,,,,,,Digimon Story Cyber Sleuth: Hacker’s Memory,95,93,100,100,Yes
LocoRoco™ 2 Remastered,LocoRoco 2 Remastered,LocoRoco Remastered,LocoRoco 2,LocoRoco,Commandos 2 - HD Remaster,,,,,,,,,,,,,,,,,LocoRoco 2 Remastered,98,95,100,100,Yes
The Sims™ 4,The Sims 4,The Sims,The Sims 2: University,The Sims 2: Pets,The Sims 3 Pets,,,,,,,,,,,,,,,,,The Sims 4,95,90,100,100,Evaluate
Agents of Mayhem - Total Mayhem Bundle,Agents of Mayhem,Wolcen: Lords of Mayhem,Agents of Mayhem: Splatter Effect,Worms 4: Mayhem,State of Anarchy: Master of Mayhem,,,,,,,,,,,,,,,,,Agents of Mayhem,59,100,62,100,Yes
Need for Speed™ Payback,Need for Speed Payback,Need for Speed: ProStreet,Need for Speed,Need for Speed: Shift,Need for Speed: Underground,,,,,,,,,,,,,,,,,Need for Speed Payback,98,95,100,100,Yes
Wheel of Fortune®,Wheel of Fortune (Old),Fortune Wheel - Free Wheel Of Fortune Casino Games,Wheel of Fortune,Fortuna's Fortune,Wheel of Fortune: Show Puzzles,,,,,,,,,,,,,,,,,Wheel of Fortune,97,100,100,100,Yes
Call of Duty®: Black Ops III - Edição Zombies Chronicles,Call of Duty: Black Ops,Call of Duty: Black Ops III,Call of Duty: Black Ops 4,Call of Duty: Black Ops II,Call of Duty: Black Ops III - Zombies Deluxe,,,,,,,,,,,,,,,,,Call of Duty: Black Ops III,65,96,68,100,Yes
Jak and Daxter: The Precursor Legacy™,Jak and Daxter: The Precursor Legacy,Jak and Daxter: The Lost Frontier,Jak and Daxter Collection,The Precursors,Jak II,,,,,,,,,,,,,,,,,Jak and Daxter: The Precursor Legacy,99,100,100,100,Yes
Patapon™ Remastered,Patapon Remastered,Patapon 2 Remastered,Patapon,DuckTales: Remastered,StarCraft: Remastered,,,,,,,,,,,,,,,,,Patapon 2 Remastered,92,89,95,100,Evaluate
Titanfall™ 2: Edição Ultimate,Titanfall,Titanfall 2,Marvel: Ultimate Alliance 2,Naruto Shippuden: Ultimate Ninja Storm 2,Ultimate Word Search 2: Letter Boxed,,,,,,,,,,,,,,,,,Titanfall,47,100,53,100,Evaluate
Infinite Minigolf,Infinite Mini Golf,Ballpoint Universe - Infinite,Planet Minigolf,MiniGolf Mania,Marvel vs. Capcom: Infinite,,,,,,,,,,,,,,,,,Infinite Mini Golf,97,94,74,74,Evaluate
Euro Fishing: Urban Edition,Euro Fishing,Ultimate Fishing,Fishing King :The Urban Angler,Dead Rising 3 Apocalypse Edition,Urban Chaos,,,,,,,,,,,,,,,,,Euro Fishing,62,100,63,100,Yes
SpeedRunners Deluxe Bundle,SpeedRunners,SEUM: Speedrunners from Hell,RollerCoaster Tycoon: Deluxe,Kirby: Triple Deluxe,Speedrunner's Delight,,,,,,,,,,,,,,,,,SpeedRunners,63,100,63,100,Yes
LocoRoco™ Remastered,LocoRoco Remastered,LocoRoco 2 Remastered,LocoRoco,DuckTales: Remastered,StarCraft: Remastered,,,,,,,,,,,,,,,,,LocoRoco 2 Remastered,93,90,95,100,Evaluate
DRAGON QUEST HEROES II™ Edição do Explorador,Dragon Quest (1986),DRAGON QUEST HEROES II,DRAGON QUEST HEROES: The World Tree's Woe and the Blight Below,Dragon Quest Heroes: Rocket Slime,DRAGON QUEST HEROES Slime Edition,,,,,,,,,,,,,,,,,DRAGON QUEST HEROES II,67,100,70,100,Yes
Wonder Boy: The Dragon’s Trap,Wonder Boy: The Dragon's Trap,Wonder Boy III: The Dragon's Trap,Double Dragon 2: Wander of the Dragons,Hoo-Boy,Wonder Boy III The Dragons Trap,,,,,,,,,,,,,,,,,Wonder Boy: The Dragon's Trap,97,97,100,100,Yes
PaRappa The Rapper™ Remastered,PaRappa the Rapper (1996),PaRappa The Rapper Remastered,PaRappa The Rapper 2,Parappa the Rapper,Parappa the Rapper: Food Court Simulator,,,,,,,,,,,,,,,,,PaRappa The Rapper Remastered,98,97,100,100,Yes
FATAL FURY™ BATTLE ARCHIVES VOL.2,FATAL FURY BATTLE ARCHIVES VOL.2,Fatal Fury 2 (1992),NEKOPARA Vol. 2,Fatal Fury Special,Fatal Fury: Wild Ambition,,,,,,,,,,,,,,,,,FATAL FURY BATTLE ARCHIVES VOL.2,98,97,100,100,Yes
ADK DAMASHII™,ADK DAMASHII,Tamashii,Racing Damashii,TAMASHII (itch),Battle Robot Damashii,,,,,,,,,,,,,,,,,ADK DAMASHII,96,100,100,100,Yes
Assassin’s Creed® The Ezio Collection,Assassin’s Creed The Ezio Collection,Assassin's Creed,Assassin's Creed Unity,Assassin's Creed: Bloodlines,Assassin's Creed Syndicate,,,,,,,,,,,,,,,,,Assassin’s Creed The Ezio Collection,99,97,100,100,Yes
FU’UN SUPER COMBO™,FU'UN SUPER COMBO,Wombo Combo,Super Hexagon,Super Contra (1988),Super Punch-Out!!,,,,,,,,,,,,,,,,,FU'UN SUPER COMBO,91,94,100,100,Yes
The Escapists: Supermax Edition,The Escapists,The Escapists: The Walking Dead,The Escapist,The Escapists: Alcatraz,The Escapists 2,,,,,,,,,,,,,,,,,The Escapists,59,100,60,100,Yes
Overcooked Holiday Bundle,Overcooked,Overcooked! 2,Hatoful Boyfriend: Holiday Star,Holyday City: Reloaded,Overcooked - Recreation,,,,,,,,,,,,,,,,,Overcooked,57,100,57,100,Yes
GAROU: MARK OF THE WOLVES™,Garou: Mark of the Wolves,GAROU: MARK OF THE WOLVES (new),GAROU: MARK OF THE WOLVES (1998),GAROU: MARK OF THE WOLVES (2015),GAROU: MARK OF THE WOLVES (2016),,,,,,,,,,,,,,,,,Garou: Mark of the Wolves,98,100,100,100,Yes
Destroy All Humans! 2 (2006),Destroy All Humans!,Destroy All Humans! (2020),Destroy All Humans! 2,Destroy All Humans! Demo,Khimera: Destroy All Monster Girls,,,,,,,,,,,,,,,,,Destroy All Humans! 2,86,100,89,100,Yes
Steins;Gate 0,STEINS;GATE,STEINS;GATE 0,STEINS;GATE: Linear Bounded Phenogram,STEINS;GATE ELITE,Stein's Plan,,,,,,,,,,,,,,,,,STEINS;GATE 0,100,100,100,100,Yes
SAMURAI SHODOWN VI™,SAMURAI SHODOWN II,SAMURAI SHODOWN V SPECIAL,Samurai Shodown,Samurai Showdown (itch),Samurai Shodown III (2007),,,,,,,,,,,,,,,,,Samurai Shodown,88,100,91,100,Yes
Call of Duty®: Infinite Warfare - Digital Deluxe,Call of Duty: Infinite Warfare,Call of Duty: Advanced Warfare,Call of Duty: Modern Warfare (2019),Call of Duty: Modern Warfare Remastered,Call of Duty 4: Modern Warfare,,,,,,,,,,,,,,,,,Call of Duty: Infinite Warfare,77,97,79,100,Yes
Call of Duty®: Infinite Warfare - Legacy Edition,Call of Duty: Infinite Warfare,Call of Duty: Advanced Warfare - Gold Edition,Call of Duty: Advanced Warfare,Call of Duty: Modern Warfare Remastered,Call of Duty: Modern Warfare (2019),,,,,,,,,,,,,,,,,Call of Duty: Infinite Warfare,77,97,79,100,Yes
Pacote Hasbro Diversão para a Família – Edição Super,Diversion-A,Super Hexagon,Delores: A Thimbleweed Park Mini-Adventure,Erica,Super Contra (1988),,,,,,,,,,,,,,,,,Super Hexagon,22,38,31,56,No
Destroy All Humans! (2005),Destroy All Humans!,Destroy All Humans! (2020),Destroy All Humans! Demo,Destroy All Humans! 2,Khimera: Destroy All Monster Girls,,,,,,,,,,,,,,,,,Destroy All Humans! (2020),96,96,96,96,Yes
Team17 Indie Heroes,Team17 Indie Heroes Pack,Team Indie,Marvel Heroes,Flat Heroes,Shop Heroes,,,,,,,,,,,,,,,,,Team17 Indie Heroes Pack,88,100,88,100,Yes
Call of Duty®: Modern Warfare® Remastered,Call of Duty: Modern Warfare Remastered,Call of Duty 4: Modern Warfare,Call of Duty: Modern Warfare 2 Campaign Remastered,Call of Duty: Modern Warfare (2019),Call of Duty: Modern Warfare 3,,,,,,,,,,,,,,,,,Call of Duty: Modern Warfare Remastered,98,95,100,100,Yes
Tropico 5 - Complete Collection,Tropico 5: Complete Collection,Tropico 5,Sword of the Stars: Complete Collection,Age of Empires III: Complete Collection,Tropico 5: Inquisition,,,,,,,,,,,,,,,,,Tropico 5: Complete Collection,95,93,100,100,Yes
Air Conflicts: Double Pack,Air Conflicts: Vietnam,Air Conflicts: Secret Wars,Air Conflicts: Pacific Carriers,Air Conflicts Double Pack,Double Dragon,,,,,,,,,,,,,,,,,Air Conflicts Double Pack,98,96,100,100,Yes
Gal*Gun: Double Peace,Gal Gun: Double Peace,Gal*Gun: Double Peace - 'Pheromone Z' Item,Gal*Gun 2,Gal-X-E,GUN,,,,,,,,,,,,,,,,,Gal Gun: Double Peace,95,95,100,100,Yes
LEGO® Star Wars™: The Force Awakens,LEGO Star Wars: The Force Awakens,Star Wars: The Force Unleashed,LEGO Star Wars III - The Clone Wars,LEGO Star Wars - The Complete Saga,Lego Star Wars: The Video Game,,,,,,,,,,,,,,,,,LEGO Star Wars: The Force Awakens,97,94,100,100,Yes
Conjunto SMITE Pacote Supremo de Deuses,SMITE,De-Void,de Blob,Supreme Commander: Forged Alliance,Supreme Ruler: Cold War,,,,,,,,,,,,,,,,,SMITE,23,100,23,100,Evaluate
Homefront®: The Revolution ’Freedom Fighter’ Bundle,Homefront: The Revolution,Homefront: The Revolution - The Voice Of Freedom,Homefront: The Revolution Demo,Freedom Fighters,Homefront,,,,,,,,,,,,,,,,,Homefront,30,100,32,100,Evaluate
BUNDLE FAR CRY 4 + FAR CRY PRIMAL,Far Cry,Far Cry 2,Far Cry New Dawn,Far Cry Vengeance,Far Cry 3: Blood Dragon,,,,,,,,,,,,,,,,,Far Cry,35,100,37,100,Evaluate
Tom Clancy’s The Division™ Gold Edition,Tom Clancy’s The Division,Tom Clancy’s The Division 2,Tom Clancy's The Division - Underground,Tom Clancy’s The Division - Survival,Tom Clancy's Rainbow Six 3 Gold,,,,,,,,,,,,,,,,,Tom Clancy’s The Division 2,79,96,77,96,Yes
Plants vs. Zombies™ Garden Warfare 2: Edição Deluxe,Plants vs. Zombies Garden Warfare 2,Plants vs Zombies Garden Warfare,Plants vs. Zombies,Plants vs. Zombies Garden Warfare 2 - Frosty,Plants vs. Zombies 2: It's About Time,,,,,,,,,,,,,,,,,Plants vs. Zombies Garden Warfare 2,81,97,85,100,Yes
Gravity Rush™ Remastered,Gravity Rush Remastered,Gravity Rush,Gravity Rush 2,DuckTales: Remastered,Aeve:Zero Gravity,,,,,,,,,,,,,,,,,Gravity Rush Remastered,98,96,100,100,Yes
LEGO® Marvel’s Avengers,LEGO Marvel's Avengers,Marvel’s Avengers,LEGO Marvel's Avengers - Classic Captain Marvel Pack,LEGO Marvel's Avengers - The Avengers Explorer Character Pack,LEGO Marvel Super Heroes,,,,,,,,,,,,,,,,,LEGO Marvel's Avengers,93,91,100,100,Yes
PaRappa The Rapper 2™,PaRappa the Rapper (1996),PaRappa The Rapper 2,PaRappa The Rapper Remastered,Parappa the Rapper,Parappa the Rapper: Food Court Simulator,,,,,,,,,,,,,,,,,PaRappa The Rapper 2,98,100,100,100,Yes
STAR WARS™  Battlefront™ Ultimate Edition,Star Wars: Battlefront,STAR WARS Battlefront 2 (2005),Star Wars: Battlefront II (2017),STAR WARS - The Force Unleashed Ultimate Sith Edition,STAR WARS Battlefront,,,,,,,,,,,,,,,,,Star Wars: Battlefront,67,91,71,100,Yes
Need for Speed™,Need for Speed: ProStreet,Need for Speed,Need for Speed: Shift,Need for Speed: Underground,Need For Speed Undercover,,,,,,,,,,,,,,,,,Need for Speed,97,100,100,100,Yes
Assassin’s Creed® Syndicate,Assassin's Creed Syndicate,Assassin's Creed,Assassin's Creed Unity,Assassin's Creed: Bloodlines,Assassin's Creed Odyssey,,,,,,,,,,,,,,,,,Assassin's Creed Syndicate,94,92,100,100,Yes
DRAGON QUEST HEROES: Digital Slime Edition,Dragon Quest Heroes: Rocket Slime,DRAGON QUEST HEROES Slime Edition,Talisman: Digital Edition,Dragon Quest (1986),Scythe: Digital Edition,,,,,,,,,,,,,,,,,DRAGON QUEST HEROES Slime Edition,88,73,89,100,Evaluate
DRAGON QUEST HEROES: The World Tree’s Woe and the Blight Below,DRAGON QUEST HEROES: The World Tree's Woe and the Blight Below,Dragon Quest (1986),Heroes of Might and Magic: A Strategic Quest,Subnautica: Below Zero,Tibetan Quest: Beyond the World's End,,,,,,,,,,,,,,,,,DRAGON QUEST HEROES: The World Tree's Woe and the Blight Below,98,98,100,100,Yes
Journey™ Collector’s Edition,Nearwood - Collector's Edition,Bear With Me - Collector's Edition,Ghost Encounters: Deadwood - Collector's Edition,The Last Door - Collector's Edition,Twisted Lands Trilogy: Collector's Edition,,,,,,,,,,,,,,,,,Ghost Encounters: Deadwood - Collector's Edition,61,71,67,83,No
Tearaway™ Unfolded,Tearaway Unfolded,Tearaway,Unfolded: Camellia Tales,unfold (itch),unfold-ID,,,,,,,,,,,,,,,,,Tearaway Unfolded,97,94,100,100,Yes
Dying Light,Dying Light: The Following - Enhanced Edition,Dying Light,Dying Light: The Following,Dying Light: Bad Blood,Dying Light - Hellraid,,,,,,,,,,,,,,,,,Dying Light,100,100,100,100,Yes
Saints Row IV Re-Elected ,Saints Row IV: Re-Elected,Saints Row IV: Re-Elected & Gat out of Hell,Saints Row: The Third,Saints Row: The Third Remastered,Saints Row IV: Game of the Century Edition,,,,,,,,,,,,,,,,,Saints Row IV: Re-Elected,96,96,100,100,Yes
The Order: 1886™,The Order: 1886,Wolfenstein: The New Order,Order of War,Carrie's Order Up!,The Order of the Thorne - The King's Challenge,,,,,,,,,,,,,,,,,The Order: 1886,97,100,100,100,Yes
Assassin’s Creed® Unity,Assassin's Creed Unity,Assassin's Creed,Assassin's Creed: Bloodlines,Assassin's Creed Syndicate,Assassin's Creed Odyssey,,,,,,,,,,,,,,,,,Assassin's Creed Unity,93,91,100,100,Yes
LEGO® Batman™ 3: Além de Gotham Edição Luxo,LEGO Batman 3: Beyond Gotham,Batman: Gotham Knights,LEGO Batman,LEGO Batman 3: Beyond Gotham DLC: Rainbow Batman,LEGO Batman 3: Beyond Gotham DLC: Arrow,,,,,,,,,,,,,,,,,Batman: Gotham Knights,49,59,52,76,No
MotoGP™14,MotoGP 14,FIFA 14,NHL 14,MotoGP 13,MotoGP 15,,,,,,,,,,,,,,,,,MotoGP 14,89,89,100,100,Evaluate
Call of Duty®: Advanced Warfare - Edição Digital Pro,Call of Duty: Advanced Warfare,Call of Duty: Advanced Warfare - Gold Edition,Call of Duty: Advanced Warfare - Havoc,Call of Duty: Modern Warfare (2019),Call of Duty: Infinite Warfare,,,,,,,,,,,,,,,,,Call of Duty: Advanced Warfare,73,97,77,100,Yes
Lone Survivor: The Director’s Cut,Lone Survivor: The Director's Cut,Q.U.B.E: Director's Cut,Deadlight: Director's Cut,Mythos: The Beginning - Director's Cut,Scratches: Director's Cut,,,,,,,,,,,,,,,,,Lone Survivor: The Director's Cut,97,97,100,100,Yes
Shadow Warrior,Shadow Warrior (2013),Viscera Cleanup Detail: Shadow Warrior,Shadow Warrior Classic,Shadow Warrior 3,Shadow Warrior 2,,,,,,,,,,,,,,,,,Shadow Warrior (2013),80,100,85,100,Yes
Defense Grid 2,DG2: Defense Grid 2,Defense Grid 2,Defense Grid: The Awakening,Defense Grid,GRID Autosport,,,,,,,,,,,,,,,,,Defense Grid 2,100,100,100,100,Yes
Valiant Hearts: The Great War™,Valiant Hearts: The Great War,Descent: FreeSpace – The Great War (1998),Vagrant Hearts,Panzer Hearts - War Visual Novel,Sonya: The Great Adventure,,,,,,,,,,,,,,,,,Valiant Hearts: The Great War,98,100,100,100,Yes
Pure Chess® Complete Bundle,Pure Chess,Victoria I Complete,Pyre,Nioh: Complete Edition / 仁王 Complete Edition,Toy Soldiers: Complete,,,,,,,,,,,,,,,,,Pure Chess,54,100,56,100,Yes
Stealth Inc: Ultimate Edition,Stealth Inc: A Clone in the Dark,Stealth Inc 2: A Game of Clones,Blasting Agent: Ultimate Edition,Dragon Age: Origins - Ultimate Edition,Gears of War: Ultimate Edition,,,,,,,,,,,,,,,,,Blasting Agent: Ultimate Edition,72,76,58,73,No
Battlefield 4™,Battlefield 4,Battlefield: Bad Company,Battlefield 2: Modern Combat,Battlefield: Bad Company 2,Battlefield 4: Dragon's Teeth,,,,,,,,,,,,,,,,,Battlefield 4,96,100,100,100,Yes
Need for Speed™ Hot Pursuit Remastered,Need for Speed: Hot Pursuit Remastered,Need For Speed: Hot Pursuit,Need for Speed: Hot Pursuit 2,Need for Speed 3: Hot Pursuit,Need for Speed Hot Pursuit for iPad,,,,,,,,,,,,,,,,,Need for Speed: Hot Pursuit Remastered,97,97,100,100,Yes
Down the Rabbit Hole,Down The Rabbit Hole (itch),Down the Rabbit Hole,Resuffer: Down the Rabbit Hole,Wonderful Everyday Down the Rabbit-Hole,Rabbit-hole,,,,,,,,,,,,,,,,,Down the Rabbit Hole,100,100,100,100,Yes
Conjunto de Jogos LEGO®,Jogo de Damas - Os Clássicos jogos de tabuleiro,LEGO The Hobbit,LEGO Batman,LEGO Racers,LEGO The Incredibles,,,,,,,,,,,,,,,,,Jogo de Damas - Os Clássicos jogos de tabuleiro,43,52,45,54,No
White Day - Ultimate Horror Edition,Blasting Agent: Ultimate Edition,White Day: A Labyrinth Named School,Dragon Age: Origins - Ultimate Edition,Gears of War: Ultimate Edition,Fallout: New Vegas - Ultimate Edition,,,,,,,,,,,,,,,,,Gears of War: Ultimate Edition,62,63,68,71,No
The Sinking City: Necronomicon Edition,Necronomicon: The Dawning of Darkness,The Sinking City,Sinking Island,The Metronomicon: Slay the Dance Floor,Batman: Arkham City - Game of the Year Edition,,,,,,,,,,,,,,,,,The Sinking City,59,100,60,100,Yes
The Catch: Carp and Coarse Fishing,The Catch: Carp and Coarse,The Catch: Carp & Coarse,Fishing Sim World: Pro Tour + The Catch: Carp & Coarse,Ultimate Fishing,Fishing Rivals: Hook & Catch,,,,,,,,,,,,,,,,,The Catch: Carp and Coarse,87,100,86,100,Yes
Ultra Hat Dimension,Ultra Hat Dimension (itch),Ultra Hat Dimension,"Pokémon Ultra Sun, Ultra Moon",Ultra Hat Dimension (Ludum Dare version),A Hat in Time,,,,,,,,,,,,,,,,,Ultra Hat Dimension,100,100,100,100,Yes
Hunting Simulator 2 Bear Hunter Edition,Bear With Me - Collector's Edition,Borderlands 2: Game of the Year Edition,Dear Esther: Landmark Edition,Guilty Gear 2: Overture,Phoenix Point: Year One Edition,,,,,,,,,,,,,,,,,Guilty Gear 2: Overture,42,52,46,46,No
Jupiter and Mars,Jupiter & Mars,Nexus - The Jupiter Incident,Jupiter - Guardians,Mars: War Logs,Jupiter Hell,,,,,,,,,,,,,,,,,Jupiter & Mars,87,79,86,100,Evaluate
Train Sim World® 2: Deluxe Edition,Train Sim World: CSX Heavy Haul,Mystery Masters: Psycho Train Deluxe Edition,Assassin's Creed 2 Deluxe Edition,DISTRAINT: Deluxe Edition,Train Sim World,,,,,,,,,,,,,,,,,Train Sim World,61,100,64,100,Yes
WW1 Game Series Bundle,ARCADE GAME SERIES: GALAGA,Game of Thrones - A Telltale Games Series,ARCADE GAME SERIES: PAC-MAN,ARCADE GAME SERIES: DIG DUG,ARCADE GAME SERIES: Ms. PAC-MAN,,,,,,,,,,,,,,,,,Game of Thrones - A Telltale Games Series,38,55,46,67,No
Nicole,Nicole (itch),Nicole,Nicole (otome version),Nicole's Fears,Nicole Smith - Prototypes,,,,,,,,,,,,,,,,,Nicole,100,100,100,100,Yes
Kerbal Space Program Enhanced Edition Complete,Space Hulk: Deathwing - Enhanced Edition,Kerbal Space Program,Interplanetary: Enhanced Edition,Kerbal Space Program - Making History,Nioh: Complete Edition / 仁王 Complete Edition,,,,,,,,,,,,,,,,,Kerbal Space Program,61,100,61,100,Yes
Tennis World Tour 2 Ace Edition,Tennis World Tour,Virtua Tennis: World Tour,Ace Stickman Tennis - 2016 World Championship Edition,Creeper World 2: Anniversary Edition,Ace Combat Assault Horizon - Enhanced Edition,,,,,,,,,,,,,,,,,Tennis World Tour,71,100,71,100,Yes
The Catch: Carp and Coarse - Deluxe Edition,The Catch: Carp and Coarse,The Catch: Carp & Coarse,DISTRAINT: Deluxe Edition,Project CARS - Pagani Edition,Assassin's Creed 2 Deluxe Edition,,,,,,,,,,,,,,,,,The Catch: Carp and Coarse,75,100,77,100,Yes
ROBOTICS;NOTES DaSH,Robotics,Robotics Lab - prologue,Robotics!,War Robots VR: The Skirmish,Not The Robots,,,,,,,,,,,,,,,,,Robotics!,57,89,59,100,Evaluate
ROBOTICS;NOTES DOUBLE PACK,Robotics,Robotics Lab - prologue,Robotics!,War Robots VR: The Skirmish,Not The Robots,,,,,,,,,,,,,,,,,Robotics!,46,89,47,100,Evaluate
ROBOTICS;NOTES ELITE,Robotics,Robotics Lab - prologue,Robotics!,War Robots VR: The Skirmish,Not The Robots,,,,,,,,,,,,,,,,,Robotics!,55,89,57,100,Evaluate
CrossKrush PS4 and PS5,Spacebase Startopia - PS4 and PS5,No Man's Sky PS4 and PS5,Back 4 Blood: PS4 and PS5,Watch Dogs: Legion PS4 and PS5,Sackboy: A Big Adventure PS4 and PS5,,,,,,,,,,,,,,,,,Sackboy: A Big Adventure PS4 and PS5,52,59,42,67,No
NHL™ 21,NHL 21,FIFA 21,Madden NFL 21,NHL 12,NHL 13,,,,,,,,,,,,,,,,,NHL 21,92,83,100,100,Evaluate
Monster Truck Championship Rebel Hunter Edition,Monster Hunter Rise,Monster Hunter: World,Monster Hunter World: Iceborne,PAC-MAN Championship Edition DX+,PAC-MAN CHAMPIONSHIP EDITION 2,,,,,,,,,,,,,,,,,Monster Hunter: World,47,57,51,82,No
Warhammer: Chaosbane Slayer Edition,Warhammer: Chaosbane,"Warhammer 40,000: Deathwatch - Enhanced Edition",Warhammer: Vermintide 2,Warhammer: Arcane Magic,Gauntlet Slayer Edition,,,,,,,,,,,,,,,,,Warhammer: Chaosbane,73,100,72,100,Yes
Empire of Sin - Deluxe Edition,DISTRAINT: Deluxe Edition,Empire of Sin,Empire Deluxe Combined Edition,Jade Empire: Special Edition,Divinity: Original Sin - Enhanced Edition,,,,,,,,,,,,,,,,,Empire of Sin,60,100,63,100,Yes
Empire of Sin - Premium Edition,Empire of Sin,Dreamscapes: The Sandman - Premium Edition,Jade Empire: Special Edition,Governor of Poker 2 - Premium Edition,Divinity: Original Sin - Enhanced Edition,,,,,,,,,,,,,,,,,Empire of Sin,59,100,62,100,Yes
PACOTE TRIPLO DA EA STAR WARS™,Star Wars: Empire at War,Star Wars: Squadrons,Star Wars: Battlefront,STAR WARS Starfighter,Star Wars: Rebellion,,,,,,,,,,,,,,,,,Star Wars: Empire at War,44,50,65,65,No
The Outer Worlds: Pacote Aprovado pela Diretoria,The Outer Worlds,Outer Wilds,Pesa-Pesa,Outer Worlds demo v0.3,Albedo: Eyes From Outer Space,,,,,,,,,,,,,,,,,The Outer Worlds,50,100,51,100,Evaluate
Autumn’s Journey,Autumn's Journey,Autumn's Journey - Español,Autumn,Robinson: The Journey,LEAVES - The Journey,,,,,,,,,,,,,,,,,Autumn's Journey,94,94,100,100,Yes
Edição de Luxo de Paladins,De-Void,de Blob,Lab de Games - 3ª Edição,Laboratório de Games - 2ª Edição,De-formers,,,,,,,,,,,,,,,,,De-Void,24,43,32,44,No
Edição de Ouro de Paladins,De-Void,de Blob,Lab de Games - 3ª Edição,Laboratório de Games - 2ª Edição,Duro de fritar - Fry Hard,,,,,,,,,,,,,,,,,De-Void,24,43,32,44,No
Edição Inicial de Paladins,Paladins,Lab de Games - 3ª Edição,De-Void,de Blob,Laboratório de Games - 2ª Edição,,,,,,,,,,,,,,,,,Paladins,47,100,50,100,Evaluate
Steamroll: Rustless Edition,Steamroll,Rustler: Prologue,REsTLESs.,LoveKami -Useless Goddess,Ruthless Safari,,,,,,,,,,,,,,,,,Steamroll,50,100,51,100,Evaluate
Pacote 2K Ball N’ Brawl,Crawl N' Brawl,Crawl,Override: Mech City Brawl,BRAWL,Kaptain Brawe: A Brawe New World,,,,,,,,,,,,,,,,,BRAWL,36,100,37,100,Evaluate
Blood Bowl 2: Legendary Edition,Blood Bowl Legendary Edition,Blood Bowl: Chaos Edition,Blood Bowl: Death Zone,Blood Bowl 2,Mass Effect: Legendary Edition,,,,,,,,,,,,,,,,,Blood Bowl Legendary Edition,95,89,97,100,Evaluate
PixelJunk™ Shooter Ultimate,PixelJunk Monsters Ultimate,PixelJunk Shooter Ultimate,PixelJunk Shooter,PixelJunk Shooter 2,"PixelJunk, Inc.",,,,,,,,,,,,,,,,,PixelJunk Shooter Ultimate,98,96,100,100,Yes
THE KING OF FIGHTERS XIV Special Anniversary Edition,The King of Fighters XIV,The King of Fighters XIII,THE KING OF FIGHTERS 2000,THE KING OF FIGHTERS 2002,THE KING OF FIGHTERS '97,,,,,,,,,,,,,,,,,The King of Fighters XIV,63,100,63,100,Yes
